vtuber,timestamp,total_payment,user_count,superchat_count,comment_count
Gawr_Gura,2020-09-12 21:14:00,0.0,19226,0,47536
Gawr_Gura,2020-09-12 21:14:00,0.0,19226,0,47538
Gawr_Gura,2020-09-14 01:01:08,0.0,16992,0,67520
Gawr_Gura,2020-09-14 01:01:08,0.0,16993,0,67509
Gawr_Gura,2020-09-16 01:00:27,0.0,12751,0,38573
Gawr_Gura,2020-09-16 01:00:27,0.0,12755,0,38577
Gawr_Gura,2020-09-17 02:00:18,0.0,14262,0,40738
Gawr_Gura,2020-09-17 02:00:18,0.0,14264,0,40738
Gawr_Gura,2020-09-17 21:00:27,16303.758891229709,13994,1563,41318
Gawr_Gura,2020-09-17 21:00:27,16303.758891229709,13993,1563,41322
Gawr_Gura,2020-09-19 02:00:43,6257.990926464995,11462,905,34046
Gawr_Gura,2020-09-19 02:00:43,6257.990926464995,11463,905,34046
Gawr_Gura,2020-09-20 03:00:26,5472.858216946564,16708,809,68105
Gawr_Gura,2020-09-20 03:00:26,5472.858216946564,16708,809,68106
Gawr_Gura,2020-09-22 02:59:20,4979.63441777756,13841,585,51397
Gawr_Gura,2020-09-22 02:59:20,4979.63441777756,13847,585,51402
Gawr_Gura,2020-09-22 23:03:42,1053.8798167451862,8005,146,26215
Gawr_Gura,2020-09-22 23:03:42,1053.8798167451862,8006,146,26214
Gawr_Gura,2020-09-23 18:01:19,6126.164060276695,14824,464,58040
Gawr_Gura,2020-09-23 18:01:19,6126.164060276695,14829,464,58044
Gawr_Gura,2020-09-26 00:01:01,2946.2405776262244,10963,323,37202
Gawr_Gura,2020-09-26 00:01:01,2946.2405776262244,10965,323,37207
Gawr_Gura,2020-09-26 00:01:01,2946.2405776262244,10965,323,37200
Gawr_Gura,2020-09-29 01:01:15,3605.331144031461,21703,504,100845
Gawr_Gura,2020-09-29 01:01:15,3605.331144031461,21708,504,100851
Gawr_Gura,2020-09-29 01:01:15,3605.331144031461,21708,504,100852
Gawr_Gura,2020-09-30 20:01:43,1980.2065607076715,12110,241,46443
Gawr_Gura,2020-09-30 20:01:43,1980.2065607076715,12106,241,46439
Gawr_Gura,2020-09-30 20:01:43,1980.2065607076715,12109,241,46442
Gawr_Gura,2020-10-02 01:01:39,2410.7231004338523,17138,246,81253
Gawr_Gura,2020-10-02 01:01:39,2410.7231004338523,17134,246,81223
Gawr_Gura,2020-10-02 01:01:39,2410.7231004338523,17138,246,81236
Gawr_Gura,2020-10-03 01:02:19,797.9798125442685,8283,82,28796
Gawr_Gura,2020-10-03 01:02:19,797.9798125442685,8285,82,28809
Gawr_Gura,2020-10-03 01:02:19,797.9798125442685,8284,82,28809
Gawr_Gura,2020-10-06 01:02:03,2630.375331588222,15932,343,70723
Gawr_Gura,2020-10-06 01:02:03,2630.375331588222,15930,343,70698
Gawr_Gura,2020-10-06 01:02:03,2630.375331588222,15932,343,70726
Gawr_Gura,2020-10-07 19:02:19,2048.996074198803,12617,303,53252
Gawr_Gura,2020-10-07 19:02:19,2048.996074198803,12617,303,53252
Gawr_Gura,2020-10-07 19:02:19,2048.996074198803,12614,303,53238
Gawr_Gura,2020-10-08 00:02:07,789.1329952337303,10652,119,61815
Gawr_Gura,2020-10-08 00:02:07,789.1329952337303,10653,119,61815
Gawr_Gura,2020-10-08 00:02:07,789.1329952337303,10654,119,61815
Gawr_Gura,2020-10-09 01:01:36,4951.350076893125,26464,622,128366
Gawr_Gura,2020-10-09 01:01:36,4951.350076893125,26465,622,128365
Gawr_Gura,2020-10-09 01:01:36,4951.350076893125,26458,622,128336
Gawr_Gura,2020-10-11 04:04:28,2774.031612209006,20723,289,112876
Gawr_Gura,2020-10-11 04:04:28,2774.031612209006,20721,289,112876
Gawr_Gura,2020-10-11 04:04:28,2774.031612209006,20717,289,112837
Gawr_Gura,2020-10-13 01:59:59,5510.160515273438,25623,641,119764
Gawr_Gura,2020-10-13 01:59:59,5510.160515273438,25623,641,119756
Gawr_Gura,2020-10-13 01:59:59,5510.160515273438,25620,641,119763
Gawr_Gura,2020-10-15 02:01:53,2244.791663532441,21231,206,98749
Gawr_Gura,2020-10-15 02:01:53,2244.791663532441,21232,206,98752
Gawr_Gura,2020-10-15 02:01:53,2244.791663532441,21235,206,98754
Gawr_Gura,2020-10-16 03:01:37,3910.860295926823,20788,430,99062
Gawr_Gura,2020-10-16 03:01:37,3910.860295926823,20785,430,99045
Gawr_Gura,2020-10-16 03:01:37,3910.860295926823,20789,430,99060
Gawr_Gura,2020-10-18 04:01:22,845.0131643780476,13785,107,55074
Gawr_Gura,2020-10-18 04:01:22,845.0131643780476,13781,107,55066
Gawr_Gura,2020-10-18 04:01:22,845.0131643780476,13784,107,55074
Gawr_Gura,2020-10-20 01:01:01,9331.170930220953,32856,929,176474
Gawr_Gura,2020-10-20 01:01:01,9331.170930220953,32856,929,176494
Gawr_Gura,2020-10-20 01:01:01,9331.170930220953,32858,929,176494
Gawr_Gura,2020-10-21 02:00:44,3963.506076064784,20711,343,101199
Gawr_Gura,2020-10-21 02:00:44,3963.506076064784,20706,343,101142
Gawr_Gura,2020-10-21 02:00:44,3963.506076064784,20711,343,101202
Gawr_Gura,2020-10-22 02:00:27,1935.7480434237216,18650,236,83744
Gawr_Gura,2020-10-22 02:00:27,1935.7480434237216,18647,236,83727
Gawr_Gura,2020-10-22 02:00:27,1935.7480434237216,18650,236,83743
Gawr_Gura,2020-10-22 14:02:48,7521.081240795427,25993,675,78857
Gawr_Gura,2020-10-22 14:02:48,7521.081240795427,25990,675,78847
Gawr_Gura,2020-10-22 14:02:48,7521.081240795427,25994,675,78857
Gawr_Gura,2020-10-23 02:15:22,14451.561089745292,25551,1409,86841
Gawr_Gura,2020-10-23 02:15:22,14451.561089745292,25553,1409,86860
Gawr_Gura,2020-10-23 02:15:22,14451.561089745292,25552,1409,86862
Gawr_Gura,2020-10-24 01:01:29,538.3575928292905,17798,82,79586
Gawr_Gura,2020-10-24 01:01:29,538.3575928292905,17798,82,79586
Gawr_Gura,2020-10-24 01:01:29,538.3575928292905,17794,82,79586
Gawr_Gura,2020-10-24 13:03:22,796.7799808330268,15842,113,62255
Gawr_Gura,2020-10-24 13:03:22,796.7799808330268,15844,113,62262
Gawr_Gura,2020-10-24 13:03:22,796.7799808330268,15843,113,62261
Gawr_Gura,2020-10-26 23:06:34,1438.4468866113689,19745,178,92134
Gawr_Gura,2020-10-26 23:06:34,1438.4468866113689,19745,178,92135
Gawr_Gura,2020-10-26 23:06:34,1438.4468866113689,19741,178,92125
Gawr_Gura,2020-10-29 02:06:13,1432.8492607839712,23073,209,118798
Gawr_Gura,2020-10-29 02:06:13,1432.8492607839712,23074,209,118807
Gawr_Gura,2020-10-29 02:06:13,1432.8492607839712,23076,209,118807
Gawr_Gura,2020-10-29 23:10:54,634.7867408343984,12769,96,64425
Gawr_Gura,2020-10-29 23:10:54,634.7867408343984,12769,96,64430
Gawr_Gura,2020-10-29 23:10:54,634.7867408343984,12769,96,64431
Gawr_Gura,2020-10-31 01:59:14,3697.862498265912,24041,497,99118
Gawr_Gura,2020-10-31 01:59:14,3697.862498265912,24040,497,99119
Gawr_Gura,2020-10-31 01:59:14,3697.862498265912,24033,497,99088
Gawr_Gura,2020-11-01 04:11:01,435.1339374258429,7690,37,25905
Gawr_Gura,2020-11-01 04:11:01,435.1339374258429,7691,37,25905
Gawr_Gura,2020-11-01 04:11:01,435.1339374258429,7691,37,25905
Gawr_Gura,2020-11-03 02:02:10,803.1186858028623,14147,113,64540
Gawr_Gura,2020-11-03 02:02:10,803.1186858028623,14145,113,64540
Gawr_Gura,2020-11-03 02:02:10,803.1186858028623,14146,113,64541
Gawr_Gura,2020-11-05 02:06:04,1492.215851874622,17414,146,99531
Gawr_Gura,2020-11-05 02:06:04,1492.215851874622,17410,146,99531
Gawr_Gura,2020-11-05 02:06:04,1492.215851874622,17409,146,99525
Gawr_Gura,2020-11-06 04:41:02,2030.0342780272897,19257,252,95914
Gawr_Gura,2020-11-06 04:41:02,2030.0342780272897,19261,252,95913
Gawr_Gura,2020-11-06 04:41:02,2030.0342780272897,19262,252,95916
Gawr_Gura,2020-11-08 02:09:10,2433.8702850966074,18668,331,128653
Gawr_Gura,2020-11-08 02:09:10,2433.8702850966074,18667,331,128644
Gawr_Gura,2020-11-08 02:09:10,2433.8702850966074,18669,331,128653
Gawr_Gura,2020-11-09 13:00:59,1562.4767175641998,14988,170,83013
Gawr_Gura,2020-11-09 13:00:59,1562.4767175641998,14986,170,83010
Gawr_Gura,2020-11-09 13:00:59,1562.4767175641998,14986,170,83015
Gawr_Gura,2020-11-11 02:02:10,3796.590976424312,20505,439,107918
Gawr_Gura,2020-11-11 02:02:10,3796.590976424312,20507,439,107918
Gawr_Gura,2020-11-11 02:02:10,3796.590976424312,20506,439,107910
Gawr_Gura,2020-11-14 03:10:39,3375.698036908147,16403,210,83680
Gawr_Gura,2020-11-14 03:10:39,3375.698036908147,16405,210,83680
Gawr_Gura,2020-11-14 03:10:39,3375.698036908147,16406,210,83684
Gawr_Gura,2020-11-15 03:30:00,3590.024771246969,24373,372,106861
Gawr_Gura,2020-11-15 03:30:00,3590.024771246969,24366,372,106861
Gawr_Gura,2020-11-15 03:30:00,3590.024771246969,24371,372,106855
Gawr_Gura,2020-11-17 02:00:10,2655.7799123227323,18572,243,78256
Gawr_Gura,2020-11-17 02:00:10,2655.7799123227323,18573,243,78259
Gawr_Gura,2020-11-17 02:00:10,2655.7799123227323,18574,243,78259
Gawr_Gura,2020-11-20 01:01:28,2092.388538105439,14936,229,63169
Gawr_Gura,2020-11-20 01:01:28,2092.388538105439,14937,229,63151
Gawr_Gura,2020-11-20 01:01:28,2092.388538105439,14937,229,63168
Gawr_Gura,2020-11-20 03:04:10,1604.4234253861523,20812,225,83463
Gawr_Gura,2020-11-20 03:04:10,1604.4234253861523,20811,225,83461
Gawr_Gura,2020-11-20 03:04:10,1604.4234253861523,20806,225,83455
Gawr_Gura,2020-11-21 04:34:59,1983.8097490551772,12644,138,60788
Gawr_Gura,2020-11-21 04:34:59,1983.8097490551772,12643,138,60770
Gawr_Gura,2020-11-21 04:34:59,1983.8097490551772,12641,138,60770
Gawr_Gura,2020-11-22 00:00:18,1169.1300891656067,14140,155,60894
Gawr_Gura,2020-11-22 00:00:18,1169.1300891656067,14138,155,60887
Gawr_Gura,2020-11-22 00:00:18,1169.1300891656067,14140,155,60894
Gawr_Gura,2020-11-22 03:02:28,225.60952991241624,5425,24,18407
Gawr_Gura,2020-11-22 03:02:28,225.60952991241624,5426,24,18414
Gawr_Gura,2020-11-22 03:02:28,225.60952991241624,5426,24,18414
Gawr_Gura,2020-11-25 02:58:28,10747.336079825072,17039,525,92635
Gawr_Gura,2020-11-25 02:58:28,10747.336079825072,17038,525,92633
Gawr_Gura,2020-11-25 02:58:28,10747.336079825072,17035,525,92626
Gawr_Gura,2020-11-26 02:59:24,3878.4568385959255,20704,376,94563
Gawr_Gura,2020-11-26 02:59:24,3878.4568385959255,20708,376,94574
Gawr_Gura,2020-11-26 02:59:24,3878.4568385959255,20707,376,94570
Gawr_Gura,2020-11-27 01:30:33,6788.223753714283,20802,682,78348
Gawr_Gura,2020-11-27 01:30:33,6788.223753714283,20803,682,78350
Gawr_Gura,2020-11-27 01:30:33,6788.223753714283,20799,682,78343
Gawr_Gura,2020-11-29 01:00:25,1189.578818562377,11348,155,47533
Gawr_Gura,2020-11-29 01:00:25,1189.578818562377,11349,155,47540
Gawr_Gura,2020-11-29 01:00:25,1189.578818562377,11348,155,47539
Gawr_Gura,2020-11-30 02:00:23,4026.119300176429,18589,381,92777
Gawr_Gura,2020-11-30 02:00:23,4026.119300176429,18586,381,92768
Gawr_Gura,2020-11-30 02:00:23,4026.119300176429,18587,381,92774
Gawr_Gura,2020-12-04 02:00:40,2502.9705689426223,17404,238,73540
Gawr_Gura,2020-12-04 02:00:40,2502.9705689426223,17403,238,73538
Gawr_Gura,2020-12-04 02:00:40,2502.9705689426223,17403,238,73528
Gawr_Gura,2020-12-04 23:00:51,282.1111273536804,6587,35,22085
Gawr_Gura,2020-12-04 23:00:51,282.1111273536804,6587,35,22081
Gawr_Gura,2020-12-04 23:00:51,282.1111273536804,6587,35,22084
Gawr_Gura,2020-12-06 14:59:17,3066.0617942239296,12768,295,49391
Gawr_Gura,2020-12-06 14:59:17,3066.0617942239296,12767,295,49358
Gawr_Gura,2020-12-06 14:59:17,3066.0617942239296,12768,295,49377
Gawr_Gura,2020-12-09 01:08:10,502.4274283441116,11286,74,40781
Gawr_Gura,2020-12-09 01:08:10,502.4274283441116,11284,74,40779
Gawr_Gura,2020-12-09 01:08:10,502.4274283441116,11287,74,40780
Gawr_Gura,2020-12-09 04:26:23,2595.739929080264,19326,336,75433
Gawr_Gura,2020-12-09 04:26:23,2595.739929080264,19331,336,75442
Gawr_Gura,2020-12-09 04:26:23,2595.739929080264,19331,336,75440
Gawr_Gura,2020-12-10 01:22:11,1988.5192009634293,15037,204,79535
Gawr_Gura,2020-12-10 01:22:11,1988.5192009634293,15029,204,79528
Gawr_Gura,2020-12-10 01:22:11,1988.5192009634293,15038,204,79537
Gawr_Gura,2020-12-11 00:00:53,1694.6780224768854,12288,121,50140
Gawr_Gura,2020-12-11 00:00:53,1694.6780224768854,12285,121,50140
Gawr_Gura,2020-12-11 00:00:53,1694.6780224768854,12287,121,50142
Gawr_Gura,2020-12-11 03:01:12,246.6498546693222,6626,29,20987
Gawr_Gura,2020-12-11 03:01:12,246.6498546693222,6626,29,20989
Gawr_Gura,2020-12-11 03:01:12,246.6498546693222,6627,29,20989
Gawr_Gura,2020-12-12 04:47:35,2156.1765192615458,16552,217,62792
Gawr_Gura,2020-12-12 04:47:35,2156.1765192615458,16550,217,62797
Gawr_Gura,2020-12-12 04:47:35,2156.1765192615458,16550,217,62798
Gawr_Gura,2020-12-13 00:01:50,823.968791974605,13336,94,40642
Gawr_Gura,2020-12-13 00:01:50,823.7783157841288,13336,93,40642
Gawr_Gura,2020-12-13 00:01:50,823.968791974605,13328,94,40629
Gawr_Gura,2020-12-13 04:45:08,1106.2211793040449,13500,135,54526
Gawr_Gura,2020-12-13 04:45:08,1106.2211793040449,13504,135,54550
Gawr_Gura,2020-12-13 04:45:08,1106.2211793040449,13502,135,54550
Gawr_Gura,2020-12-14 02:00:06,2579.0892157201724,22125,310,99908
Gawr_Gura,2020-12-14 02:00:06,2579.0892157201724,22125,310,99903
Gawr_Gura,2020-12-14 02:00:06,2579.0892157201724,22125,310,99901
Gawr_Gura,2020-12-15 23:36:00,458.0331134155502,6297,43,23012
Gawr_Gura,2020-12-15 23:36:00,458.0331134155502,6295,43,23009
Gawr_Gura,2020-12-15 23:36:00,458.0331134155502,6296,43,23010
Gawr_Gura,2020-12-17 02:00:47,2146.375266789328,10372,212,33468
Gawr_Gura,2020-12-17 02:00:47,2146.375266789328,10371,212,33453
Gawr_Gura,2020-12-17 02:00:47,2146.375266789328,10371,212,33456
Gawr_Gura,2020-12-18 02:06:11,524.50042884815,4927,60,10593
Gawr_Gura,2020-12-18 02:06:11,524.50042884815,4926,60,10584
Gawr_Gura,2020-12-18 02:06:11,524.50042884815,4927,60,10593
Gawr_Gura,2020-12-19 04:02:41,585.3156290927072,5060,56,13066
Gawr_Gura,2020-12-19 04:02:41,585.3156290927072,5061,56,13068
Gawr_Gura,2020-12-19 04:02:41,585.3156290927072,5062,56,13066
Gawr_Gura,2020-12-21 02:02:00,3183.534634535345,13536,280,45897
Gawr_Gura,2020-12-21 02:02:00,3183.534634535345,13533,280,45897
Gawr_Gura,2020-12-21 02:02:00,3183.534634535345,13533,280,45898
Gawr_Gura,2020-12-24 03:31:52,2657.35959877834,9290,283,29120
Gawr_Gura,2020-12-24 03:31:52,2657.35959877834,9287,283,29116
Gawr_Gura,2020-12-24 03:31:52,2657.35959877834,9289,283,29119
Gawr_Gura,2020-12-25 03:05:53,5129.753592430599,10948,345,31678
Gawr_Gura,2020-12-25 03:05:53,5129.753592430599,10948,345,31678
Gawr_Gura,2020-12-25 03:05:53,5129.753592430599,10949,345,31675
Gawr_Gura,2020-12-26 23:03:31,803.9647786502921,6359,77,17617
Gawr_Gura,2020-12-26 23:03:31,803.9647786502921,6360,77,17618
Gawr_Gura,2020-12-26 23:03:31,803.9647786502921,6359,77,17617
Gawr_Gura,2020-12-28 01:33:32,2802.7354796563445,6666,215,17341
Gawr_Gura,2020-12-28 01:33:32,2802.7354796563445,6666,215,17341
Gawr_Gura,2020-12-28 01:33:32,2802.7354796563445,6667,215,17344
Gawr_Gura,2020-12-31 03:29:22,2196.077148417179,10613,231,32443
Gawr_Gura,2020-12-31 03:29:22,2196.077148417179,10612,231,32443
Gawr_Gura,2020-12-31 03:29:22,2196.077148417179,10614,231,32443
Gawr_Gura,2021-01-01 04:00:59,9100.336116447155,11570,692,30335
Gawr_Gura,2021-01-01 04:00:59,9100.336116447155,11570,692,30336
Gawr_Gura,2021-01-01 04:00:59,9100.336116447155,11564,692,30329
Gawr_Gura,2021-01-02 02:30:38,3234.9133464696583,7150,268,23960
Gawr_Gura,2021-01-02 02:30:38,3234.9133464696583,7148,268,23945
Gawr_Gura,2021-01-02 02:30:38,3234.9133464696583,7151,268,23961
Gawr_Gura,2021-01-03 01:58:39,1564.543507549046,5838,159,17011
Gawr_Gura,2021-01-03 01:58:39,1564.543507549046,5836,159,17009
Gawr_Gura,2021-01-03 01:58:39,1564.543507549046,5837,159,17011
Gawr_Gura,2021-01-07 05:07:45,948.2789124431732,4092,35,9900
Gawr_Gura,2021-01-07 05:07:45,948.2789124431732,4092,35,9900
Gawr_Gura,2021-01-07 05:07:45,948.2789124431732,4090,35,9894
Gawr_Gura,2021-01-08 03:00:51,3069.249481161432,11090,235,37181
Gawr_Gura,2021-01-08 03:00:51,3069.249481161432,11092,235,37181
Gawr_Gura,2021-01-08 03:00:51,3069.249481161432,11091,235,37177
Gawr_Gura,2021-01-10 04:00:28,816.4085343551894,4669,92,12585
Gawr_Gura,2021-01-10 04:00:28,816.4085343551894,4668,92,12585
Gawr_Gura,2021-01-10 04:00:28,816.4085343551894,4667,92,12584
Gawr_Gura,2021-01-11 02:31:49,0.0,10665,0,39004
Gawr_Gura,2021-01-11 02:31:49,0.0,10664,0,39001
Gawr_Gura,2021-01-11 02:31:49,0.0,10660,0,38995
Gawr_Gura,2021-01-12 02:01:25,1087.8461366925671,9060,157,27048
Gawr_Gura,2021-01-12 02:01:25,1087.8461366925671,9058,157,27049
Gawr_Gura,2021-01-12 02:01:25,1087.8461366925671,9058,157,27048
Gawr_Gura,2021-01-17 03:00:46,0.0,7009,0,22750
Gawr_Gura,2021-01-17 03:00:46,0.0,7009,0,22750
Gawr_Gura,2021-01-17 03:00:46,0.0,7005,0,22747
Gawr_Gura,2021-01-18 02:01:21,11286.492320702426,19619,804,62694
Gawr_Gura,2021-01-18 02:01:21,11286.492320702426,19623,804,62710
Gawr_Gura,2021-01-18 02:01:21,11286.492320702426,19621,804,62705
Gawr_Gura,2021-01-19 03:33:16,764.6958070456215,8543,101,28647
Gawr_Gura,2021-01-19 03:33:16,764.6958070456215,8541,101,28645
Gawr_Gura,2021-01-19 03:33:16,764.6958070456215,8544,101,28647
Gawr_Gura,2021-01-21 02:03:32,1932.397794948141,10061,194,32932
Gawr_Gura,2021-01-21 02:03:32,1932.397794948141,10064,194,32945
Gawr_Gura,2021-01-21 02:03:32,1932.397794948141,10065,194,32946
Gawr_Gura,2021-01-23 01:01:14,14061.155531219389,17357,1079,59959
Gawr_Gura,2021-01-23 01:01:14,14061.155531219389,17357,1079,59957
Gawr_Gura,2021-01-23 01:01:14,14061.155531219389,17355,1079,59929
Gawr_Gura,2021-01-28 01:30:09,3420.4695829718094,13355,367,38744
Gawr_Gura,2021-01-28 01:30:09,3420.4695829718094,13354,367,38744
Gawr_Gura,2021-01-28 01:30:09,3420.4695829718094,13353,367,38723
Gawr_Gura,2021-01-28 18:00:49,0.0,9381,0,29875
Gawr_Gura,2021-01-28 18:00:49,0.0,9378,0,29863
Gawr_Gura,2021-01-28 18:00:49,0.0,9381,0,29875
Gawr_Gura,2021-01-29 02:01:38,1302.3849733247305,8096,123,22879
Gawr_Gura,2021-01-29 02:01:38,1302.3849733247305,8092,123,22873
Gawr_Gura,2021-01-29 02:01:38,1302.3849733247305,8098,123,22880
Gawr_Gura,2021-01-31 02:01:28,455.0851207076839,4989,39,16057
Gawr_Gura,2021-01-31 02:01:28,455.0851207076839,4988,39,16052
Gawr_Gura,2021-01-31 02:01:28,455.0851207076839,4989,39,16057
Gawr_Gura,2021-01-31 18:01:24,224.34750012049128,4904,35,13637
Gawr_Gura,2021-01-31 18:01:24,224.34750012049128,4903,35,13637
Gawr_Gura,2021-01-31 18:01:24,224.34750012049128,4903,35,13637
Gawr_Gura,2021-02-01 18:00:58,1589.830804706059,9241,163,28782
Gawr_Gura,2021-02-01 18:00:58,1589.830804706059,9244,163,28785
Gawr_Gura,2021-02-01 18:00:58,1589.830804706059,9240,163,28783
Gawr_Gura,2021-02-02 02:00:23,1423.1794990775973,8708,167,29223
Gawr_Gura,2021-02-02 02:00:23,1423.1794990775973,8709,167,29223
Gawr_Gura,2021-02-02 02:00:23,1423.1794990775973,8707,167,29216
Gawr_Gura,2021-02-05 02:01:31,1909.0400472006104,7799,152,34116
Gawr_Gura,2021-02-05 02:01:31,1909.0400472006104,7801,152,34128
Gawr_Gura,2021-02-05 02:01:31,1909.0400472006104,7801,152,34128
Gawr_Gura,2021-02-06 01:00:54,1208.446613894249,9874,126,33977
Gawr_Gura,2021-02-06 01:00:54,1208.446613894249,9874,126,33988
Gawr_Gura,2021-02-06 01:00:54,1208.446613894249,9875,126,33988
Gawr_Gura,2021-02-07 18:58:09,3731.523369518984,16959,404,56071
Gawr_Gura,2021-02-07 18:58:09,3731.523369518984,16952,404,56048
Gawr_Gura,2021-02-07 18:58:09,3731.523369518984,16958,404,56074
Gawr_Gura,2021-02-08 23:58:51,3387.37506058157,16462,291,55075
Gawr_Gura,2021-02-08 23:58:51,3387.37506058157,16462,291,55076
Gawr_Gura,2021-02-08 23:58:51,3387.37506058157,16456,291,55043
Gawr_Gura,2021-02-11 03:58:58,0.0,7083,0,15809
Gawr_Gura,2021-02-11 03:58:58,0.0,7082,0,15789
Gawr_Gura,2021-02-11 03:58:58,0.0,7084,0,15811
Gawr_Gura,2021-02-13 04:01:38,708.4228487703374,4180,60,12836
Gawr_Gura,2021-02-13 04:01:38,708.4228487703374,4179,60,12821
Gawr_Gura,2021-02-13 04:01:38,708.4228487703374,4179,60,12833
Gawr_Gura,2021-02-14 01:00:19,1097.2926384072923,7732,106,21224
Gawr_Gura,2021-02-14 01:00:19,1097.2926384072923,7737,106,21233
Gawr_Gura,2021-02-14 01:00:19,1097.2926384072923,7734,106,21231
Gawr_Gura,2021-02-15 01:59:02,4248.771447667567,7855,315,23369
Gawr_Gura,2021-02-15 01:59:02,4248.771447667567,7859,315,23399
Gawr_Gura,2021-02-15 01:59:02,4248.771447667567,7858,315,23398
Gawr_Gura,2021-02-17 01:59:09,1830.7291525043988,14033,185,54245
Gawr_Gura,2021-02-17 01:59:09,1830.7291525043988,14030,185,54173
Gawr_Gura,2021-02-17 01:59:09,1830.7291525043988,14035,185,54246
Gawr_Gura,2021-02-18 01:00:32,1698.263489267968,7272,155,25004
Gawr_Gura,2021-02-18 01:00:32,1698.263489267968,7273,155,25066
Gawr_Gura,2021-02-18 01:00:32,1698.263489267968,7272,155,25066
Gawr_Gura,2021-02-20 00:59:52,1822.5976005272407,10476,151,32528
Gawr_Gura,2021-02-20 00:59:52,1822.5976005272407,10478,151,32532
Gawr_Gura,2021-02-20 00:59:52,1822.5976005272407,10476,151,32516
Gawr_Gura,2021-02-22 01:00:18,1630.2973411064331,9929,105,35410
Gawr_Gura,2021-02-22 01:00:18,1630.2973411064331,9929,105,35410
Gawr_Gura,2021-02-22 01:00:18,1630.2973411064331,9926,105,35370
Gawr_Gura,2021-02-22 22:59:40,2226.008780455169,11973,252,52768
Gawr_Gura,2021-02-22 22:59:40,2226.008780455169,11968,252,52660
Gawr_Gura,2021-02-22 22:59:40,2226.008780455169,11975,252,52770
Gawr_Gura,2021-02-25 04:05:48,843.634188285769,6132,100,17413
Gawr_Gura,2021-02-25 04:05:48,843.634188285769,6132,100,17413
Gawr_Gura,2021-02-25 04:05:48,843.634188285769,6132,100,17370
Gawr_Gura,2021-02-26 00:59:49,1007.0719238069864,8403,132,23373
Gawr_Gura,2021-02-26 00:59:49,1007.0719238069864,8399,132,23315
Gawr_Gura,2021-02-26 00:59:49,1007.0719238069864,8402,132,23373
Gawr_Gura,2021-02-27 01:00:22,2238.9432588191,10094,196,31097
Gawr_Gura,2021-02-27 01:00:22,2238.9432588191,10089,196,31076
Gawr_Gura,2021-02-27 01:00:22,2238.9432588191,10095,196,31098
Gawr_Gura,2021-03-04 04:06:39,835.0181996364339,9003,82,39136
Gawr_Gura,2021-03-04 04:06:39,835.0181996364339,9001,82,39135
Gawr_Gura,2021-03-04 04:06:39,835.0181996364339,9000,82,39024
Gawr_Gura,2021-03-04 23:59:45,1037.8276413451863,9990,110,49654
Gawr_Gura,2021-03-04 23:59:45,1037.8276413451863,9994,110,49744
Gawr_Gura,2021-03-04 23:59:45,1037.8276413451863,9995,110,49744
Gawr_Gura,2021-03-06 02:00:27,782.6633622103452,9402,77,41697
Gawr_Gura,2021-03-06 02:00:27,782.6633622103452,9406,77,41759
Gawr_Gura,2021-03-06 02:00:27,782.6633622103452,9406,77,41759
Gawr_Gura,2021-03-07 23:59:55,3266.466743348306,21675,324,116366
Gawr_Gura,2021-03-07 23:59:55,3266.466743348306,21668,324,116216
Gawr_Gura,2021-03-07 23:59:55,3266.466743348306,21672,324,116365
Gawr_Gura,2021-03-11 00:58:39,3010.388150527194,15920,301,91226
Gawr_Gura,2021-03-11 00:58:39,3010.388150527194,15924,301,91304
Gawr_Gura,2021-03-11 00:58:39,3010.388150527194,15923,301,91303
Gawr_Gura,2021-03-12 23:32:17,2312.7042146716053,6953,97,36687
Gawr_Gura,2021-03-12 23:32:17,2312.7042146716053,6958,97,36804
Gawr_Gura,2021-03-12 23:32:17,2312.7042146716053,6958,97,36804
Gawr_Gura,2021-03-14 01:00:48,4700.4943368097,14767,355,106359
Gawr_Gura,2021-03-14 01:00:48,4699.1443368097,14767,354,106079
Gawr_Gura,2021-03-14 01:00:48,4700.4943368097,14768,355,106359
Gawr_Gura,2021-03-14 03:31:00,4314.494962627682,15180,376,60100
Gawr_Gura,2021-03-14 03:31:00,4312.494962627682,15178,375,59827
Gawr_Gura,2021-03-14 03:31:00,4315.470603466599,15183,377,60104
Gawr_Gura,2021-03-16 00:01:01,2824.628580034644,17830,297,89431
Gawr_Gura,2021-03-16 00:01:01,2824.628580034644,17832,297,89433
Gawr_Gura,2021-03-16 00:01:01,2824.628580034644,17829,297,89186
Gawr_Gura,2021-03-19 00:58:40,4758.296464185236,16770,416,93506
Gawr_Gura,2021-03-19 00:58:40,4758.296464185236,16778,416,93650
Gawr_Gura,2021-03-19 00:58:40,4758.296464185236,16779,416,93652
Gawr_Gura,2021-03-20 00:00:11,5216.828503594082,12030,348,81478
Gawr_Gura,2021-03-20 00:00:11,5216.828503594082,12029,348,81477
Gawr_Gura,2021-03-20 00:00:11,5216.828503594082,12022,348,81443
Gawr_Gura,2021-03-24 00:00:40,3170.4540323168885,18989,352,121105
Gawr_Gura,2021-03-24 00:00:40,3170.4540323168885,18986,352,121101
Gawr_Gura,2021-03-24 00:00:40,3170.4540323168885,18980,352,120678
Gawr_Gura,2021-03-26 00:00:43,2522.558959668441,12065,279,65965
Gawr_Gura,2021-03-26 00:00:43,2522.558959668441,12064,279,65964
Gawr_Gura,2021-03-26 00:00:43,2522.558959668441,12061,279,65861
Gawr_Gura,2021-03-30 23:59:57,2074.4310292024297,15331,128,105574
Gawr_Gura,2021-03-30 23:59:57,2074.4310292024297,15329,128,105574
Gawr_Gura,2021-03-30 23:59:57,2074.4310292024297,15328,128,105340
Gawr_Gura,2021-04-01 00:01:33,0.0,10956,0,53303
Gawr_Gura,2021-04-01 00:01:33,0.0,10956,0,53303
Gawr_Gura,2021-04-01 00:01:33,0.0,10953,0,53204
Gawr_Gura,2021-04-03 02:00:43,0.0,4452,0,20888
Gawr_Gura,2021-04-03 02:00:43,0.0,4452,0,20888
Gawr_Gura,2021-04-03 02:00:43,0.0,4451,0,20869
Gawr_Gura,2021-04-04 00:59:01,4832.187881382881,20148,398,109338
Gawr_Gura,2021-04-04 00:59:01,4832.187881382881,20147,398,109337
Gawr_Gura,2021-04-04 00:59:01,4832.187881382881,20145,398,109180
Gawr_Gura,2021-04-07 01:00:15,3099.780685878197,17264,313,112898
Gawr_Gura,2021-04-07 01:00:15,3099.780685878197,17263,313,112899
Gawr_Gura,2021-04-07 01:00:15,3097.780685878197,17260,312,112818
Gawr_Gura,2021-04-08 02:01:58,1332.730069583479,10596,139,46919
Gawr_Gura,2021-04-08 02:01:58,1332.730069583479,10591,139,46883
Gawr_Gura,2021-04-08 02:01:58,1332.730069583479,10595,139,46919
Gawr_Gura,2021-04-08 23:01:18,2061.0999852235914,11507,196,60750
Gawr_Gura,2021-04-08 23:01:18,2061.0999852235914,11510,196,60782
Gawr_Gura,2021-04-08 23:01:18,2061.0999852235914,11507,196,60779
Gawr_Gura,2021-04-09 23:59:20,0.0,6512,0,27351
Gawr_Gura,2021-04-09 23:59:20,0.0,6514,0,27355
Gawr_Gura,2021-04-09 23:59:20,0.0,6514,0,27355
Gawr_Gura,2021-04-11 23:00:18,2716.412490098518,6801,154,37659
Gawr_Gura,2021-04-11 23:00:18,2716.412490098518,6798,154,37640
Gawr_Gura,2021-04-11 23:00:18,2716.412490098518,6801,154,37659
Gawr_Gura,2021-04-12 01:30:52,3072.6307610870945,13649,276,106189
Gawr_Gura,2021-04-12 01:30:52,3072.6307610870945,13650,276,106189
Gawr_Gura,2021-04-12 01:30:52,3072.6307610870945,13648,276,106078
Gawr_Gura,2021-04-15 00:00:52,4720.2510532542165,12705,343,67860
Gawr_Gura,2021-04-15 00:00:52,4720.2510532542165,12704,343,67859
Gawr_Gura,2021-04-15 00:00:52,4720.2510532542165,12702,343,67846
Gawr_Gura,2021-04-16 00:00:50,3504.285048796701,20726,345,125544
Gawr_Gura,2021-04-16 00:00:50,3504.285048796701,20734,345,125918
Gawr_Gura,2021-04-16 00:00:50,3504.285048796701,20734,345,125916
Gawr_Gura,2021-04-19 00:01:21,4336.784674173021,10580,291,76152
Gawr_Gura,2021-04-19 00:01:21,4336.784674173021,10579,291,76012
Gawr_Gura,2021-04-19 00:01:21,4336.784674173021,10579,291,76152
Gawr_Gura,2021-04-19 22:00:38,788.4580275393982,5591,82,27217
Gawr_Gura,2021-04-19 22:00:38,788.4580275393982,5590,82,27215
Gawr_Gura,2021-04-19 22:00:38,788.4580275393982,5591,82,27217
Gawr_Gura,2021-04-23 01:00:37,5308.57197578108,21531,438,131664
Gawr_Gura,2021-04-23 01:00:37,5308.57197578108,21538,438,131818
Gawr_Gura,2021-04-23 01:00:37,5308.57197578108,21537,438,131816
Gawr_Gura,2021-04-24 00:01:26,2638.356153436817,14834,278,96746
Gawr_Gura,2021-04-24 00:01:26,2638.356153436817,14843,278,96981
Gawr_Gura,2021-04-24 00:01:26,2638.356153436817,14844,278,96981
Gawr_Gura,2021-04-25 00:01:20,4557.005226066975,13031,373,74242
Gawr_Gura,2021-04-25 00:01:20,4557.005226066975,13024,373,74091
Gawr_Gura,2021-04-25 00:01:20,4557.005226066975,13029,373,74241
Gawr_Gura,2021-04-27 00:01:37,4253.012948776183,12022,399,82162
Gawr_Gura,2021-04-27 00:01:37,4253.012948776183,12021,399,82164
Gawr_Gura,2021-04-27 00:01:37,4253.012948776183,12017,399,82154
Gawr_Gura,2021-04-28 00:21:50,2228.1844206713545,9756,216,55853
Gawr_Gura,2021-04-28 00:21:50,2226.8344206713546,9751,215,55803
Gawr_Gura,2021-04-28 00:21:50,2228.1844206713545,9756,216,55851
Gawr_Gura,2021-05-01 00:32:06,1749.163393060703,12910,165,67136
Gawr_Gura,2021-05-01 00:32:06,1749.163393060703,12908,165,67117
Gawr_Gura,2021-05-01 00:32:06,1749.163393060703,12906,165,66979
Gawr_Gura,2021-05-03 01:17:18,2482.9492353307974,11763,239,72674
Gawr_Gura,2021-05-03 01:17:18,2482.9492353307974,11767,239,72838
Gawr_Gura,2021-05-03 01:17:18,2482.9492353307974,11767,239,72844
Gawr_Gura,2021-05-05 00:01:29,5249.000326840579,18618,493,140989
Gawr_Gura,2021-05-05 00:01:29,5249.000326840579,18611,493,140697
Gawr_Gura,2021-05-05 00:01:29,5249.000326840579,18621,493,140993
Gawr_Gura,2021-05-07 00:01:56,12919.47472033245,21467,847,111431
Gawr_Gura,2021-05-07 00:01:56,12919.47472033245,21463,847,111331
Gawr_Gura,2021-05-07 00:01:56,12919.47472033245,21464,847,111429
Gawr_Gura,2021-05-08 22:19:51,1458.3760970478424,11301,98,73138
Gawr_Gura,2021-05-08 22:19:51,1458.3760970478424,11303,98,73193
Gawr_Gura,2021-05-08 22:19:51,1458.3760970478424,11303,98,73193
Gawr_Gura,2021-05-10 02:01:12,4137.248597780541,20484,398,108089
Gawr_Gura,2021-05-10 02:01:12,4137.248597780541,20484,398,108089
Gawr_Gura,2021-05-10 02:01:12,4137.248597780541,20478,398,107858
Gawr_Gura,2021-05-11 00:10:44,3500.011765610775,24338,388,159001
Gawr_Gura,2021-05-11 00:10:44,3500.011765610775,24342,388,159109
Gawr_Gura,2021-05-11 00:10:44,3500.011765610775,24340,388,159107
Gawr_Gura,2021-05-17 02:01:45,895.672713407993,9638,97,52494
Gawr_Gura,2021-05-17 02:01:45,895.672713407993,9639,97,52601
Gawr_Gura,2021-05-17 02:01:45,895.672713407993,9639,97,52601
Gawr_Gura,2021-05-18 00:12:25,2876.305676872313,18404,301,118513
Gawr_Gura,2021-05-18 00:12:25,2876.305676872313,18397,301,118424
Gawr_Gura,2021-05-18 00:12:25,2876.305676872313,18401,301,118511
Gawr_Gura,2021-05-19 00:05:34,1504.915709081334,14141,172,72316
Gawr_Gura,2021-05-19 00:05:34,1504.915709081334,14144,172,72341
Gawr_Gura,2021-05-19 00:05:34,1504.915709081334,14144,172,72342
Gawr_Gura,2021-05-20 01:01:43,4398.506091388313,18812,501,130603
Gawr_Gura,2021-05-20 01:01:43,4398.506091388313,18810,501,130603
Gawr_Gura,2021-05-20 01:01:43,4397.156091388312,18806,500,130542
Gawr_Gura,2021-05-22 01:01:37,2529.74222900452,16913,234,89931
Gawr_Gura,2021-05-22 01:01:37,2529.74222900452,16911,234,89860
Gawr_Gura,2021-05-22 01:01:37,2529.74222900452,16916,234,89934
Gawr_Gura,2021-05-23 00:00:39,2438.9306736129142,12385,215,67241
Gawr_Gura,2021-05-23 00:00:39,2438.9306736129142,12388,215,67294
Gawr_Gura,2021-05-23 00:00:39,2438.9306736129142,12386,215,67288
Gawr_Gura,2021-05-24 18:00:41,7792.378706741066,21642,734,185557
Gawr_Gura,2021-05-24 18:00:41,7792.378706741066,21637,734,185258
Gawr_Gura,2021-05-24 18:00:41,7792.378706741066,21644,734,185562
Gawr_Gura,2021-05-29 01:28:07,2623.2506959789416,16586,278,86681
Gawr_Gura,2021-05-29 01:28:07,2623.2506959789416,16596,278,86747
Gawr_Gura,2021-05-29 01:28:07,2623.2506959789416,16594,278,86744
Gawr_Gura,2021-05-31 01:01:33,3229.5649401092096,15157,269,76878
Gawr_Gura,2021-05-31 01:01:33,3229.5649401092096,15150,269,76815
Gawr_Gura,2021-05-31 01:01:33,3229.5649401092096,15158,269,76878
Gawr_Gura,2021-05-31 23:59:27,2126.7280585755034,11759,218,66202
Gawr_Gura,2021-05-31 23:59:27,2126.7280585755034,11756,218,66198
Gawr_Gura,2021-05-31 23:59:27,2126.7280585755034,11754,218,66133
Gawr_Gura,2021-06-02 00:02:36,2118.999572357246,10051,191,66938
Gawr_Gura,2021-06-02 00:02:36,2118.999572357246,10048,191,66797
Gawr_Gura,2021-06-02 00:02:36,2118.999572357246,10049,191,66938
Gawr_Gura,2021-06-05 00:04:11,2796.361122445448,11783,233,69610
Gawr_Gura,2021-06-05 00:04:11,2796.361122445448,11785,233,69575
Gawr_Gura,2021-06-05 00:04:11,2796.361122445448,11781,233,69610
Gawr_Gura,2021-06-07 00:01:33,3985.839102750029,21525,400,158395
Gawr_Gura,2021-06-07 00:01:33,3985.839102750029,21531,400,158471
Gawr_Gura,2021-06-07 00:01:33,3985.839102750029,21532,400,158469
Gawr_Gura,2021-06-12 01:01:03,2106.2726734891125,11740,185,67498
Gawr_Gura,2021-06-12 01:01:03,2106.2726734891125,11739,185,67432
Gawr_Gura,2021-06-12 01:01:03,2106.2726734891125,11740,185,67498
Gawr_Gura,2021-06-13 00:00:41,922.1113359005828,6684,80,31536
Gawr_Gura,2021-06-13 00:00:41,922.1113359005828,6683,80,31536
Gawr_Gura,2021-06-13 00:00:41,922.1113359005828,6681,80,31531
Gawr_Gura,2021-06-16 00:17:25,3437.4006651508944,16608,279,98566
Gawr_Gura,2021-06-16 00:17:25,3437.4006651508944,16607,279,98421
Gawr_Gura,2021-06-16 00:17:25,3437.4006651508944,16608,279,98566
Gawr_Gura,2021-06-17 20:10:19,870.617194267654,8321,96,52155
Gawr_Gura,2021-06-17 20:10:19,870.617194267654,8318,96,52131
Gawr_Gura,2021-06-17 20:10:19,870.617194267654,8323,96,52156
Gawr_Gura,2021-06-18 00:01:13,1545.27909811312,9453,106,48231
Gawr_Gura,2021-06-18 00:01:13,1545.27909811312,9453,106,48231
Gawr_Gura,2021-06-18 00:01:13,1545.27909811312,9451,106,48223
Gawr_Gura,2021-06-19 20:01:57,3667.525977545612,8776,299,58450
Gawr_Gura,2021-06-19 20:01:57,3667.525977545612,8775,299,58449
Gawr_Gura,2021-06-19 20:01:57,3667.525977545612,8773,299,58316
Gawr_Gura,2021-06-19 23:59:42,5967.156232979923,12118,412,61462
Gawr_Gura,2021-06-19 23:59:42,5967.156232979923,12117,412,61462
Gawr_Gura,2021-06-19 23:59:42,5967.156232979923,12115,412,61397
Gawr_Gura,2021-06-20 13:01:17,3079.6755648141334,9801,160,40474
Gawr_Gura,2021-06-20 13:01:17,3079.6755648141334,9800,160,40474
Gawr_Gura,2021-06-20 13:01:17,3079.6755648141334,9799,160,40473
Gawr_Gura,2021-06-20 20:00:03,2019.6905474614152,7651,159,58062
Gawr_Gura,2021-06-20 20:00:03,2019.6905474614152,7651,159,58062
Gawr_Gura,2021-06-20 20:00:03,2019.6905474614152,7647,159,57985
Gawr_Gura,2021-06-21 00:15:15,36037.25804333319,19379,1581,123916
Gawr_Gura,2021-06-21 00:15:15,36010.25804333319,19378,1580,123832
Gawr_Gura,2021-06-21 00:15:15,36037.25804333319,19377,1581,123915
Gawr_Gura,2021-06-21 10:00:10,1011.2489122002808,2730,79,10793
Gawr_Gura,2021-06-21 10:00:10,1010.8586558647144,2728,78,10792
Gawr_Gura,2021-06-21 10:00:10,1011.2489122002808,2730,79,10793
Gawr_Gura,2021-06-24 01:00:50,4398.778969215544,14776,266,90060
Gawr_Gura,2021-06-24 01:00:50,4398.778969215544,14783,266,90122
Gawr_Gura,2021-06-24 01:00:50,4398.778969215544,14782,266,90113
Gawr_Gura,2021-06-25 00:00:50,1844.4656960319653,10739,114,67156
Gawr_Gura,2021-06-25 00:00:50,1844.4656960319653,10739,114,67083
Gawr_Gura,2021-06-25 00:00:50,1844.4656960319653,10739,114,67154
Gawr_Gura,2021-06-26 00:00:29,0.0,4082,0,17645
Gawr_Gura,2021-06-26 00:00:29,0.0,4087,0,17664
Gawr_Gura,2021-06-26 00:00:29,0.0,4088,0,17665
Gawr_Gura,2021-06-27 11:53:24,855.3233829884289,16813,107,104140
Gawr_Gura,2021-06-27 11:53:24,855.3233829884289,16821,107,104154
Gawr_Gura,2021-06-27 11:53:24,855.3233829884289,16819,107,104148
Gawr_Gura,2021-06-30 01:01:10,1305.619118567202,13241,179,116584
Gawr_Gura,2021-06-30 01:01:10,1305.619118567202,13239,179,116509
Gawr_Gura,2021-06-30 01:01:10,1305.619118567202,13242,179,116584
Gawr_Gura,2021-07-04 01:02:45,2168.7512841938387,12197,182,71362
Gawr_Gura,2021-07-04 01:02:45,2168.7512841938387,12196,182,71362
Gawr_Gura,2021-07-04 01:02:45,2168.7512841938387,12194,182,71315
Gawr_Gura,2021-07-06 00:00:32,4809.626639204825,15146,311,102959
Gawr_Gura,2021-07-06 00:00:32,4809.626639204825,15153,311,103029
Gawr_Gura,2021-07-06 00:00:32,4809.626639204825,15152,311,103029
Gawr_Gura,2021-07-08 01:01:31,2760.6586677043697,14935,259,90029
Gawr_Gura,2021-07-08 01:01:31,2760.6586677043697,14928,259,89936
Gawr_Gura,2021-07-08 01:01:31,2760.6586677043697,14936,259,90026
Gawr_Gura,2021-07-09 19:01:21,1618.7552033855516,13758,194,93791
Gawr_Gura,2021-07-09 19:01:21,1618.7552033855516,13760,194,93936
Gawr_Gura,2021-07-09 19:01:21,1618.7552033855516,13761,194,93937
Gawr_Gura,2021-07-11 14:00:22,1059.030810870683,11583,135,59848
Gawr_Gura,2021-07-11 14:00:22,1059.030810870683,11583,135,59857
Gawr_Gura,2021-07-11 14:00:22,1059.030810870683,11583,135,59857
Gawr_Gura,2021-07-13 00:22:50,3602.554628593941,18036,401,105667
Gawr_Gura,2021-07-13 00:22:50,3602.554628593941,18041,401,105716
Gawr_Gura,2021-07-13 00:22:50,3602.554628593941,18042,401,105717
Gawr_Gura,2021-07-19 23:01:09,3401.4697542694557,10939,239,71476
Gawr_Gura,2021-07-19 23:01:09,3401.4697542694557,10939,239,71476
Gawr_Gura,2021-07-19 23:01:09,3401.4697542694557,10937,239,71441
Gawr_Gura,2021-07-20 23:02:00,3363.127365719731,14155,402,112222
Gawr_Gura,2021-07-20 23:02:00,3363.127365719731,14150,402,112135
Gawr_Gura,2021-07-20 23:02:00,3363.127365719731,14154,402,112222
Gawr_Gura,2021-07-22 22:03:41,831.9595587525646,8503,96,42984
Gawr_Gura,2021-07-22 22:03:41,831.9595587525646,8502,96,42976
Gawr_Gura,2021-07-22 22:03:41,831.9595587525646,8502,96,42983
Gawr_Gura,2021-07-23 23:00:31,3348.2292529850515,13328,325,97652
Gawr_Gura,2021-07-23 23:00:31,3348.2292529850515,13333,325,97773
Gawr_Gura,2021-07-23 23:00:31,3348.2292529850515,13333,325,97773
Gawr_Gura,2021-07-24 23:01:26,1830.942032025763,12722,199,75796
Gawr_Gura,2021-07-24 23:01:26,1830.942032025763,12728,199,75862
Gawr_Gura,2021-07-24 23:01:26,1830.942032025763,12729,199,75863
Gawr_Gura,2021-07-31 00:00:47,1508.572931815234,10023,195,44619
Gawr_Gura,2021-07-31 00:00:47,1508.572931815234,10018,195,44540
Gawr_Gura,2021-07-31 00:00:47,1508.572931815234,10021,195,44610
Gawr_Gura,2021-08-01 20:01:10,505.3948740223554,5806,58,37009
Gawr_Gura,2021-08-01 20:01:10,505.3948740223554,5808,58,37068
Gawr_Gura,2021-08-01 20:01:10,505.3948740223554,5807,58,37068
Gawr_Gura,2021-08-04 22:16:56,1057.548418170584,12079,136,74821
Gawr_Gura,2021-08-04 22:16:56,1057.548418170584,12084,136,74894
Gawr_Gura,2021-08-04 22:16:56,1057.548418170584,12083,136,74893
Gawr_Gura,2021-08-06 00:01:39,1718.8401014881456,11990,196,70609
Gawr_Gura,2021-08-06 00:01:39,1718.8401014881456,11988,196,70645
Gawr_Gura,2021-08-06 00:01:39,1718.8401014881456,11992,196,70648
Gawr_Gura,2021-08-07 00:12:41,1860.246211344614,12228,213,68849
Gawr_Gura,2021-08-07 00:12:41,1860.246211344614,12227,213,68838
Gawr_Gura,2021-08-07 00:12:41,1860.246211344614,12222,213,68803
Gawr_Gura,2021-08-11 00:03:54,2091.621664092126,12692,234,74941
Gawr_Gura,2021-08-11 00:03:54,2091.621664092126,12692,234,74821
Gawr_Gura,2021-08-11 00:03:54,2092.1016640921266,12696,235,74952
Gawr_Gura,2021-08-12 00:00:57,1618.4129549861789,9476,135,58825
Gawr_Gura,2021-08-12 00:00:57,1618.4129549861789,9476,135,58808
Gawr_Gura,2021-08-12 00:00:57,1618.4129549861789,9478,135,58843
Gawr_Gura,2021-08-12 22:01:48,249.07273873106865,5263,37,33933
Gawr_Gura,2021-08-12 22:01:48,249.07273873106865,5265,37,33997
Gawr_Gura,2021-08-12 22:01:48,249.07273873106865,5265,37,33997
Gawr_Gura,2021-08-14 00:03:48,3404.6935371205336,13419,357,77307
Gawr_Gura,2021-08-14 00:03:48,3404.6935371205336,13418,357,77378
Gawr_Gura,2021-08-14 00:03:48,3404.6935371205336,13421,357,77400
Gawr_Gura,2021-08-15 00:33:01,2171.3272824427954,9104,187,67181
Gawr_Gura,2021-08-15 00:33:01,2171.3272824427954,9103,187,67181
Gawr_Gura,2021-08-15 00:33:01,2171.3272824427954,9097,187,67061
Gawr_Gura,2021-08-16 00:03:01,889.4810111186052,11685,143,62360
Gawr_Gura,2021-08-16 00:03:01,889.4810111186052,11683,143,62353
Gawr_Gura,2021-08-16 00:03:01,889.4810111186052,11676,143,62344
Gawr_Gura,2021-08-21 00:02:08,4624.620695715455,16125,408,92984
Gawr_Gura,2021-08-21 00:02:08,4624.620695715455,16123,408,92982
Gawr_Gura,2021-08-21 00:02:08,4621.9206957154565,16122,407,92889
Gawr_Gura,2021-08-24 00:02:12,2699.1065037021417,20742,288,130690
Gawr_Gura,2021-08-24 00:02:12,2702.778812343271,20753,289,130843
Gawr_Gura,2021-08-24 00:02:12,2699.1065037021417,20750,288,130821
Gawr_Gura,2021-08-25 00:33:00,3108.8797561320325,19789,291,85603
Gawr_Gura,2021-08-25 00:33:00,3108.8797561320325,19796,291,85654
Gawr_Gura,2021-08-25 00:33:00,3108.8797561320325,19792,291,85644
Gawr_Gura,2021-08-26 00:03:04,1526.1339367690418,12943,185,72479
Gawr_Gura,2021-08-26 00:03:04,1526.1339367690418,12942,185,72487
Gawr_Gura,2021-08-26 00:03:04,1526.1339367690418,12943,185,72493
Gawr_Gura,2021-08-27 13:00:27,508.2596612849302,8403,66,40678
Gawr_Gura,2021-08-27 13:00:27,508.2596612849302,8403,66,40677
Gawr_Gura,2021-08-27 13:00:27,508.2596612849302,8405,66,40697
Gawr_Gura,2021-08-28 00:02:33,1669.009479454375,11443,157,62235
Gawr_Gura,2021-08-28 00:02:33,1669.009479454375,11439,157,62120
Gawr_Gura,2021-08-28 00:02:33,1669.009479454375,11444,157,62261
Gawr_Gura,2021-08-29 00:06:57,3076.3487088089623,9869,249,87032
Gawr_Gura,2021-08-29 00:06:57,3076.3487088089623,9868,249,87015
Gawr_Gura,2021-08-29 00:06:57,3073.6487088089625,9865,248,86745
Gawr_Gura,2021-08-30 00:02:08,0.0,7787,0,40911
Gawr_Gura,2021-08-30 00:02:08,0.0,7784,0,40902
Gawr_Gura,2021-08-30 00:02:08,0.0,7786,0,40908
Gawr_Gura,2021-09-01 03:00:12,0.0,2128,0,6572
Gawr_Gura,2021-09-01 03:00:12,0.0,2128,0,6572
Gawr_Gura,2021-09-01 03:00:12,0.0,2128,0,6573
Gawr_Gura,2021-09-02 00:01:08,2026.5571737455032,11630,143,70040
Gawr_Gura,2021-09-02 00:01:08,2026.5571737455032,11627,143,69814
Gawr_Gura,2021-09-02 00:01:08,2026.5571737455032,11630,143,70041
Gawr_Gura,2021-09-04 00:01:11,1984.1376573677996,13803,210,88209
Gawr_Gura,2021-09-04 00:01:11,1981.4376573677996,13801,209,88017
Gawr_Gura,2021-09-04 00:01:11,1984.1376573677996,13801,210,88200
Gawr_Gura,2021-09-05 00:06:45,1020.4001896001482,11608,135,59717
Gawr_Gura,2021-09-05 00:06:45,1020.4001896001482,11606,135,59711
Gawr_Gura,2021-09-05 00:06:45,1020.4001896001482,11603,135,59619
Gawr_Gura,2021-09-07 00:01:19,1300.543001800119,14756,119,76023
Gawr_Gura,2021-09-07 00:01:19,1300.543001800119,14753,119,75964
Gawr_Gura,2021-09-07 00:01:19,1300.543001800119,14758,119,76025
Gawr_Gura,2021-09-10 00:02:04,1597.5184917876074,11918,208,69316
Gawr_Gura,2021-09-10 00:02:04,1597.5184917876074,11920,208,69319
Gawr_Gura,2021-09-10 00:02:04,1597.5184917876074,11917,208,69203
Gawr_Gura,2021-09-12 00:02:34,817.6209690666255,8389,111,55574
Gawr_Gura,2021-09-12 00:02:34,817.6209690666255,8387,111,55564
Gawr_Gura,2021-09-12 00:02:34,817.6209690666255,8389,111,55574
Gawr_Gura,2021-09-14 00:03:24,14843.90247464076,17286,607,146220
Gawr_Gura,2021-09-14 00:03:24,14843.90247464076,17283,607,146033
Gawr_Gura,2021-09-14 00:03:24,14843.90247464076,17286,607,146208
Gawr_Gura,2021-09-15 00:02:14,828.9167684480242,9443,78,61443
Gawr_Gura,2021-09-15 00:02:14,828.9167684480242,9442,78,61503
Gawr_Gura,2021-09-15 00:02:14,828.9167684480242,9444,78,61512
Gawr_Gura,2021-09-23 21:39:02,1814.35141852017,8665,167,53376
Gawr_Gura,2021-09-23 21:39:02,1814.35141852017,8664,167,53441
Gawr_Gura,2021-09-23 21:39:02,1814.35141852017,8662,167,53437
Gawr_Gura,2021-09-24 00:05:35,536.0342585490364,8270,45,43887
Gawr_Gura,2021-09-24 00:05:35,536.0342585490364,8274,45,43938
Gawr_Gura,2021-09-24 00:05:35,536.0342585490364,8273,45,43930
Gawr_Gura,2021-09-26 00:02:16,3132.641490132469,16601,245,96048
Gawr_Gura,2021-09-26 00:02:16,3132.641490132469,16606,245,96083
Gawr_Gura,2021-09-26 00:02:16,3132.641490132469,16607,245,96089
Gawr_Gura,2021-09-27 00:04:35,1966.1034104594748,9263,199,67264
Gawr_Gura,2021-09-27 00:04:35,1966.1034104594748,9257,199,67232
Gawr_Gura,2021-09-27 00:04:35,1966.1034104594748,9261,199,67244
Gawr_Gura,2021-09-27 06:32:43,1361.8999077993576,14110,160,66985
Gawr_Gura,2021-09-27 06:32:43,1371.8999077993576,14111,161,67093
Gawr_Gura,2021-09-27 06:32:43,1375.572216440487,14113,162,67108
Gawr_Gura,2021-10-01 23:00:45,3353.6301797446145,15559,345,124170
Gawr_Gura,2021-10-01 23:00:45,3353.6301797446145,15563,345,124477
Gawr_Gura,2021-10-01 23:00:45,3353.6301797446145,15561,345,124455
Gawr_Gura,2021-10-06 00:04:59,2367.839052545321,16539,198,97325
Gawr_Gura,2021-10-06 00:04:59,2367.839052545321,16535,198,97093
Gawr_Gura,2021-10-06 00:04:59,2367.839052545321,16538,198,97319
Gawr_Gura,2021-10-07 00:01:15,7522.708905752879,18936,465,103740
Gawr_Gura,2021-10-07 00:01:15,7522.708905752879,18936,465,103582
Gawr_Gura,2021-10-07 00:01:15,7522.708905752879,18937,465,103740
Gawr_Gura,2021-10-08 00:31:43,1601.0328939043686,8523,111,51085
Gawr_Gura,2021-10-08 00:31:43,1601.0328939043686,8525,111,51089
Gawr_Gura,2021-10-08 00:31:43,1601.0328939043686,8521,111,50939
Gawr_Gura,2021-10-09 00:21:56,715.9891003656395,9645,73,48618
Gawr_Gura,2021-10-09 00:21:56,715.9891003656395,9648,73,48713
Gawr_Gura,2021-10-09 00:21:56,715.9891003656395,9647,73,48712
Gawr_Gura,2021-10-09 03:26:24,597.4563150929316,6400,72,31478
Gawr_Gura,2021-10-09 03:26:24,597.4563150929316,6396,72,31448
Gawr_Gura,2021-10-09 03:26:24,597.4563150929316,6399,72,31478
Gawr_Gura,2021-10-09 12:02:41,730.5055147273122,12565,83,69241
Gawr_Gura,2021-10-09 12:02:41,730.5055147273122,12565,83,69241
Gawr_Gura,2021-10-09 12:02:41,730.5055147273122,12564,83,69240
Gawr_Gura,2021-10-14 00:01:54,693.6937476957678,6856,66,24832
Gawr_Gura,2021-10-14 00:01:54,693.6937476957678,6851,66,24788
Gawr_Gura,2021-10-14 00:01:54,693.6937476957678,6855,66,24831
Gawr_Gura,2021-10-14 01:56:15,785.5480587408583,14138,94,65326
Gawr_Gura,2021-10-14 01:56:15,785.5480587408583,14132,94,65223
Gawr_Gura,2021-10-14 01:56:15,785.5480587408583,14141,94,65341
Gawr_Gura,2021-10-14 22:01:09,0.0,8226,0,42528
Gawr_Gura,2021-10-14 22:01:09,0.0,8226,0,42556
Gawr_Gura,2021-10-14 22:01:09,0.0,8227,0,42570
Gawr_Gura,2021-10-17 00:04:00,0.0,7572,0,51605
Gawr_Gura,2021-10-17 00:04:00,0.0,7572,0,51605
Gawr_Gura,2021-10-17 00:04:00,0.0,7571,0,51543
Gawr_Gura,2021-10-19 00:04:48,2030.0730997222377,16440,202,116858
Gawr_Gura,2021-10-19 00:04:48,2030.0730997222377,16438,202,116766
Gawr_Gura,2021-10-19 00:04:48,2030.0730997222377,16442,202,116858
Gawr_Gura,2021-10-20 00:00:17,1742.4769706853954,12128,155,80927
Gawr_Gura,2021-10-20 00:00:17,1742.4769706853954,12129,155,81003
Gawr_Gura,2021-10-20 00:00:17,1742.4769706853954,12129,155,81006
Gawr_Gura,2021-10-21 00:13:53,3625.1598393955496,11239,216,71262
Gawr_Gura,2021-10-21 00:13:53,3625.1598393955496,11234,216,71231
Gawr_Gura,2021-10-21 00:13:53,3625.1598393955496,11240,216,71260
Gawr_Gura,2021-10-24 01:01:22,764.2812663294485,10372,94,62835
Gawr_Gura,2021-10-24 01:01:22,764.2812663294485,10372,94,62836
Gawr_Gura,2021-10-24 01:01:22,764.2812663294485,10370,94,62815
Gawr_Gura,2021-10-25 13:01:49,301.79520831654344,5740,27,27560
Gawr_Gura,2021-10-25 13:01:49,301.79520831654344,5738,27,27560
Gawr_Gura,2021-10-25 13:01:49,301.79520831654344,5739,27,27561
Gawr_Gura,2021-10-26 21:00:28,766.4379860721498,6522,59,54215
Gawr_Gura,2021-10-26 21:00:28,766.4379860721498,6523,59,54218
Gawr_Gura,2021-10-26 21:00:28,766.4379860721498,6523,59,54215
Gawr_Gura,2021-10-28 00:16:52,449.6015240063469,7874,53,42893
Gawr_Gura,2021-10-28 00:16:52,449.6015240063469,7877,53,42895
Gawr_Gura,2021-10-28 00:16:52,449.6015240063469,7873,53,42866
Gawr_Gura,2021-10-28 03:34:47,347.13256311431365,7961,45,35041
Gawr_Gura,2021-10-28 03:34:47,347.13256311431365,7962,45,35045
Gawr_Gura,2021-10-28 03:34:47,347.13256311431365,7957,45,34938
Gawr_Gura,2021-10-29 00:06:41,1582.0133008128523,12342,151,70703
Gawr_Gura,2021-10-29 00:06:41,1582.0133008128523,12338,151,70687
Gawr_Gura,2021-10-29 00:06:41,1582.0133008128523,12340,151,70700
Gawr_Gura,2021-10-29 23:04:51,0.0,7566,0,36732
Gawr_Gura,2021-10-29 23:04:51,0.0,7566,0,36732
Gawr_Gura,2021-10-29 23:04:51,0.0,7565,0,36731
Gawr_Gura,2021-11-08 00:03:03,2071.6564203642542,11746,168,74218
Gawr_Gura,2021-11-08 00:03:03,2071.6564203642542,11745,168,74224
Gawr_Gura,2021-11-08 00:03:03,2071.6564203642542,11745,168,74223
Gawr_Gura,2021-11-10 01:31:53,0.0,8768,0,57442
Gawr_Gura,2021-11-10 01:31:53,0.0,8767,0,57441
Gawr_Gura,2021-11-10 01:31:53,0.0,8766,0,57433
Gawr_Gura,2021-11-12 01:02:58,2087.1350105749398,8846,145,48217
Gawr_Gura,2021-11-12 01:02:58,2087.1350105749398,8843,145,48217
Gawr_Gura,2021-11-12 01:02:58,2087.1350105749398,8844,145,48218
Gawr_Gura,2021-11-12 22:01:33,508.7718838897654,5185,44,24645
Gawr_Gura,2021-11-12 22:01:33,508.7718838897654,5185,44,24645
Gawr_Gura,2021-11-12 22:01:33,508.7718838897654,5181,44,24623
Gawr_Gura,2021-11-13 01:14:31,1258.7282550889447,6113,95,35878
Gawr_Gura,2021-11-13 01:14:31,1258.7282550889447,6113,95,35878
Gawr_Gura,2021-11-13 01:14:31,1258.7282550889447,6113,95,35878
Gawr_Gura,2021-11-13 23:00:18,390.4747012121932,9017,62,58575
Gawr_Gura,2021-11-13 23:00:18,390.4747012121932,9017,62,58575
Gawr_Gura,2021-11-13 23:00:18,390.4747012121932,9015,62,58547
Gawr_Gura,2021-11-19 01:01:56,2788.083202542796,12291,232,66578
Gawr_Gura,2021-11-19 01:01:56,2788.083202542796,12291,232,66578
Gawr_Gura,2021-11-19 01:01:56,2788.083202542796,12292,232,66414
Gawr_Gura,2021-11-20 01:05:59,1446.2120794504983,16005,188,99055
Gawr_Gura,2021-11-20 01:05:59,1446.2120794504983,16008,188,99171
Gawr_Gura,2021-11-20 01:05:59,1446.2120794504983,16007,188,99169
Gawr_Gura,2021-11-22 01:03:00,0.0,18188,0,153048
Gawr_Gura,2021-11-22 01:03:00,0.0,18186,0,153048
Gawr_Gura,2021-11-22 01:03:00,0.0,18180,0,152827
Gawr_Gura,2021-11-23 01:04:32,1484.9645611425074,15181,139,70246
Gawr_Gura,2021-11-23 01:04:32,1484.9645611425074,15183,139,70318
Gawr_Gura,2021-11-23 01:04:32,1484.9645611425074,15184,139,70321
Gawr_Gura,2021-11-24 01:08:40,0.0,9061,0,44136
Gawr_Gura,2021-11-24 01:08:40,0.0,9059,0,44104
Gawr_Gura,2021-11-24 01:08:40,0.0,9058,0,44069
Gawr_Gura,2021-11-25 01:03:44,1565.378765071955,7704,151,53341
Gawr_Gura,2021-11-25 01:03:44,1565.378765071955,7707,151,53513
Gawr_Gura,2021-11-25 01:03:44,1565.378765071955,7706,151,53513
Gawr_Gura,2021-11-25 23:02:12,2409.504405943065,10193,180,54722
Gawr_Gura,2021-11-25 23:02:12,2409.504405943065,10189,180,54657
Gawr_Gura,2021-11-25 23:02:12,2409.504405943065,10192,180,54725
Gawr_Gura,2021-12-03 00:01:56,0.0,14082,0,93855
Gawr_Gura,2021-12-03 00:01:56,0.0,14078,0,93682
Gawr_Gura,2021-12-03 00:01:56,0.0,14082,0,93853
Gawr_Gura,2021-12-05 01:01:01,2862.241455184529,11330,252,76530
Gawr_Gura,2021-12-05 01:01:01,2862.241455184529,11326,252,76522
Gawr_Gura,2021-12-05 01:01:01,2862.241455184529,11332,252,76534
Gawr_Gura,2021-12-12 00:01:18,6466.679654340264,17825,411,121289
Gawr_Gura,2021-12-12 00:01:18,6481.368888904782,17827,415,121382
Gawr_Gura,2021-12-12 00:01:18,6466.679654340264,17820,411,121183
Gawr_Gura,2021-12-12 23:05:32,564.0808830457215,11073,66,97142
Gawr_Gura,2021-12-12 23:05:32,564.0808830457215,11071,66,97025
Gawr_Gura,2021-12-12 23:05:32,564.0808830457215,11073,66,97152
Gawr_Gura,2021-12-14 01:05:36,771.4397533820858,11099,64,48683
Gawr_Gura,2021-12-14 01:05:36,771.4397533820858,11094,64,48646
Gawr_Gura,2021-12-14 01:05:36,771.4397533820858,11099,64,48683
Gawr_Gura,2021-12-15 01:02:38,682.9565503562768,9084,73,58921
Gawr_Gura,2021-12-15 01:02:38,682.9565503562768,9084,73,58856
Gawr_Gura,2021-12-15 01:02:38,682.9565503562768,9083,73,58917
Gawr_Gura,2021-12-15 22:03:08,3074.995942486835,10215,213,58607
Gawr_Gura,2021-12-15 22:03:08,3074.995942486835,10215,213,58607
Gawr_Gura,2021-12-15 22:03:08,3074.995942486835,10208,213,58507
Gawr_Gura,2021-12-16 01:33:13,0.0,13456,0,88850
Gawr_Gura,2021-12-16 01:33:13,0.0,13458,0,88955
Gawr_Gura,2021-12-16 01:33:13,0.0,13458,0,88955
Gawr_Gura,2021-12-18 01:01:47,1037.2070913654295,7398,84,52766
Gawr_Gura,2021-12-18 01:01:47,1037.2070913654295,7398,84,52766
Gawr_Gura,2021-12-18 01:01:47,1034.022328781487,7394,83,52720
Gawr_Gura,2021-12-20 01:01:52,853.3493726336121,11747,120,87968
Gawr_Gura,2021-12-20 01:01:52,853.3493726336121,11752,120,88006
Gawr_Gura,2021-12-20 01:01:52,853.3493726336121,11755,120,88019
Gawr_Gura,2021-12-20 03:05:30,420.611865844971,10111,63,43361
Gawr_Gura,2021-12-20 03:05:30,424.2841744861003,10120,64,43439
Gawr_Gura,2021-12-20 03:05:30,420.611865844971,10117,63,43414
Gawr_Gura,2021-12-23 01:03:38,2178.14770107754,9498,221,59977
Gawr_Gura,2021-12-23 01:03:38,2178.14770107754,9495,221,59935
Gawr_Gura,2021-12-23 01:03:38,2178.14770107754,9496,221,59970
Gawr_Gura,2021-12-26 03:45:12,0.0,1434,0,5442
Gawr_Gura,2021-12-26 03:45:12,0.0,1435,0,5449
Gawr_Gura,2021-12-26 03:45:12,0.0,1435,0,5449
Gawr_Gura,2021-12-29 01:02:11,4695.659076806881,14772,364,96715
Gawr_Gura,2021-12-29 01:02:11,4695.659076806881,14776,364,96812
Gawr_Gura,2021-12-29 01:02:11,4695.659076806881,14774,364,96810
Gawr_Gura,2022-01-01 01:18:11,6891.634458196563,20045,474,150209
Gawr_Gura,2022-01-01 01:18:11,6891.634458196563,20043,474,150208
Gawr_Gura,2022-01-01 01:18:11,6891.634458196563,20039,474,150055
Gawr_Gura,2022-01-04 01:00:39,3173.2149069726656,12501,294,81000
Gawr_Gura,2022-01-04 01:00:39,3173.2149069726656,12498,294,80877
Gawr_Gura,2022-01-04 01:00:39,3173.2149069726656,12501,294,80999
Gawr_Gura,2022-01-05 01:00:15,0.0,11442,0,81501
Gawr_Gura,2022-01-05 01:00:15,0.0,11443,0,81502
Gawr_Gura,2022-01-05 01:00:15,0.0,11440,0,81399
Gawr_Gura,2022-01-06 01:02:00,514.8501078630991,7304,65,42835
Gawr_Gura,2022-01-06 01:02:00,514.8501078630991,7307,65,42871
Gawr_Gura,2022-01-06 01:02:00,514.8501078630991,7308,65,42879
Gawr_Gura,2022-01-07 05:01:15,1552.3162292866773,7125,149,34336
Gawr_Gura,2022-01-07 05:01:15,1557.3162292866773,7122,150,34300
Gawr_Gura,2022-01-07 05:01:15,1552.3162292866773,7127,149,34345
Gawr_Gura,2022-01-08 01:03:09,2320.1861344455147,7331,135,42702
Gawr_Gura,2022-01-08 01:03:09,2320.1861344455147,7331,135,42701
Gawr_Gura,2022-01-08 01:03:09,2320.1861344455147,7328,135,42644
Gawr_Gura,2022-01-08 22:02:19,1763.4045560242664,8639,146,46265
Gawr_Gura,2022-01-08 22:02:19,1763.4045560242664,8638,146,46213
Gawr_Gura,2022-01-08 22:02:19,1770.749173306525,8639,148,46327
Gawr_Gura,2022-01-14 21:14:49,498.2663843731492,6064,50,45527
Gawr_Gura,2022-01-14 21:14:49,498.2663843731492,6062,50,45394
Gawr_Gura,2022-01-14 21:14:49,498.2663843731492,6064,50,45527
Gawr_Gura,2022-01-19 01:03:10,1251.6991727958698,9408,114,78833
Gawr_Gura,2022-01-19 01:03:10,1251.6991727958698,9408,114,78833
Gawr_Gura,2022-01-19 01:03:10,1251.6991727958698,9404,114,78801
Gawr_Gura,2022-01-20 01:05:52,1916.4123231277383,7642,224,48728
Gawr_Gura,2022-01-20 01:05:52,1916.4123231277383,7639,224,48719
Gawr_Gura,2022-01-20 01:05:52,1916.4123231277383,7642,224,48728
Gawr_Gura,2022-01-22 01:33:08,2851.290831663988,9516,259,60241
Gawr_Gura,2022-01-22 01:33:08,2851.290831663988,9516,259,60243
Gawr_Gura,2022-01-22 01:33:08,2851.290831663988,9515,259,60229
Gawr_Gura,2022-01-23 01:06:49,620.0344917203325,6542,85,38335
Gawr_Gura,2022-01-23 01:06:49,620.0344917203325,6541,85,38334
Gawr_Gura,2022-01-23 01:06:49,620.0344917203325,6538,85,38314
Gawr_Gura,2022-01-23 04:36:40,999.3306727819488,11590,113,82614
Gawr_Gura,2022-01-23 04:36:40,999.3306727819488,11589,113,82614
Gawr_Gura,2022-01-23 04:36:40,999.3306727819488,11588,113,82485
Gawr_Gura,2022-01-24 01:03:30,0.0,13388,0,108400
Gawr_Gura,2022-01-24 01:03:30,0.0,13392,0,108445
Gawr_Gura,2022-01-24 01:03:30,0.0,13393,0,108445
Gawr_Gura,2022-01-26 01:17:16,436.01992981667297,8014,41,44619
Gawr_Gura,2022-01-26 01:17:16,436.01992981667297,8013,41,44606
Gawr_Gura,2022-01-26 01:17:16,436.01992981667297,8010,41,44574
Gawr_Gura,2022-01-27 01:04:30,513.9733909211493,8114,77,76126
Gawr_Gura,2022-01-27 01:04:30,513.9733909211493,8113,77,76130
Gawr_Gura,2022-01-27 01:04:30,513.9733909211493,8114,77,76159
Gawr_Gura,2022-01-28 05:07:46,779.726186855438,8284,101,43986
Gawr_Gura,2022-01-28 05:07:46,779.726186855438,8285,101,43987
Gawr_Gura,2022-01-28 05:07:46,779.726186855438,8283,101,43982
Gawr_Gura,2022-01-28 22:03:32,0.0,6994,0,49469
Gawr_Gura,2022-01-28 22:03:32,0.0,6994,0,49469
Gawr_Gura,2022-01-28 22:03:32,0.0,6992,0,49410
Gawr_Gura,2022-01-30 01:01:03,444.728972606898,6418,40,43806
Gawr_Gura,2022-01-30 01:01:03,444.728972606898,6415,40,43768
Gawr_Gura,2022-01-30 01:01:03,444.728972606898,6420,40,43810
Gawr_Gura,2022-02-01 01:09:19,2772.865558862842,10761,263,78977
Gawr_Gura,2022-02-01 01:09:19,2772.865558862842,10764,263,79041
Gawr_Gura,2022-02-01 01:09:19,2772.865558862842,10764,263,79041
Gawr_Gura,2022-02-02 01:01:28,2317.871890431797,9293,215,82018
Gawr_Gura,2022-02-02 01:01:28,2317.871890431797,9296,215,82121
Gawr_Gura,2022-02-02 01:01:28,2317.871890431797,9298,215,82129
Gawr_Gura,2022-02-04 00:08:40,622.4240104837929,6630,71,40507
Gawr_Gura,2022-02-04 00:08:40,622.4240104837929,6629,71,40490
Gawr_Gura,2022-02-04 00:08:40,622.4240104837929,6629,71,40506
Gawr_Gura,2022-02-05 01:11:47,780.1702136666112,10356,98,62585
Gawr_Gura,2022-02-05 01:11:47,780.1702136666112,10352,98,62501
Gawr_Gura,2022-02-05 01:11:47,780.1702136666112,10354,98,62585
Gawr_Gura,2022-02-06 01:04:14,0.0,10179,0,77100
Gawr_Gura,2022-02-06 01:04:14,0.0,10174,0,77000
Gawr_Gura,2022-02-06 01:04:14,0.0,10178,0,77099
Gawr_Gura,2022-02-10 19:00:10,163.60484260409504,1387,12,7287
Gawr_Gura,2022-02-10 19:00:10,163.60484260409504,1387,12,7287
Gawr_Gura,2022-02-10 19:00:10,163.60484260409504,1387,12,7286
Gawr_Gura,2022-02-15 00:00:11,844.2219146691643,3447,51,16117
Gawr_Gura,2022-02-15 00:00:11,844.2219146691643,3447,51,16117
Gawr_Gura,2022-02-15 00:00:11,844.2219146691643,3447,51,16117
Gawr_Gura,2022-02-16 01:02:43,435.9234992951911,7004,49,36570
Gawr_Gura,2022-02-16 01:02:43,435.9234992951911,7001,49,36554
Gawr_Gura,2022-02-16 01:02:43,435.9234992951911,7003,49,36565
Gawr_Gura,2022-02-17 01:02:24,2106.3894648692462,9649,171,74604
Gawr_Gura,2022-02-17 01:02:24,2106.3894648692462,9650,171,74701
Gawr_Gura,2022-02-20 01:10:51,0.0,9274,0,73900
Gawr_Gura,2022-02-20 01:10:51,0.0,9280,0,73976
Gawr_Gura,2022-02-26 01:02:26,0.0,12838,0,97848
Gawr_Gura,2022-02-26 01:02:26,0.0,12832,0,97689
Gawr_Gura,2022-02-27 01:02:43,1131.2727609685348,10463,113,81076
Gawr_Gura,2022-02-27 01:02:43,1131.2727609685348,10462,113,81070
Gawr_Gura,2022-03-01 01:02:36,1358.865817689684,10876,129,66429
Gawr_Gura,2022-03-01 01:02:36,1358.865817689684,10878,129,66438
Gawr_Gura,2022-03-03 01:01:38,0.0,14554,0,86909
Gawr_Gura,2022-03-03 01:01:38,0.0,14551,0,86828
Gawr_Gura,2022-03-06 01:03:10,1456.3166745921146,9644,176,72091
Gawr_Gura,2022-03-06 01:03:10,1456.3166745921146,9642,176,72164
Gawr_Gura,2022-03-08 12:00:49,2058.6448742931098,11775,207,69002
Gawr_Gura,2022-03-08 12:00:49,2058.6448742931098,11773,207,68999
Gawr_Gura,2022-03-12 01:02:02,0.0,7761,0,50382
Gawr_Gura,2022-03-12 01:02:02,0.0,7759,0,50374
Gawr_Gura,2022-03-18 00:03:16,2655.33021157916,9068,165,59544
Gawr_Gura,2022-03-18 00:03:16,2655.33021157916,9068,165,59538
Gawr_Gura,2022-03-22 00:31:15,1190.6597797853744,11020,98,62018
Gawr_Gura,2022-03-22 00:31:15,1190.6597797853744,11012,98,61926
Gawr_Gura,2022-03-22 00:31:15,1190.6597797853744,11016,98,61946
Gawr_Gura,2022-03-23 00:01:03,162.53149337910898,2138,25,4151
Gawr_Gura,2022-03-23 00:01:03,162.53149337910898,2139,25,4153
Gawr_Gura,2022-03-23 00:01:03,162.53149337910898,2139,25,4153
Gawr_Gura,2022-03-24 00:03:00,1864.8275787122848,9844,181,72366
Gawr_Gura,2022-03-24 00:03:00,1864.8275787122848,9843,181,72308
Gawr_Gura,2022-03-24 00:03:00,1864.8275787122848,9845,181,72418
Gawr_Gura,2022-03-26 00:01:38,1626.1920631169146,10638,143,84508
Gawr_Gura,2022-03-26 00:01:38,1626.1920631169146,10631,143,84330
Gawr_Gura,2022-03-26 00:01:38,1626.1920631169146,10633,143,84421
Gawr_Gura,2022-03-27 00:00:58,716.0450341780239,7370,88,51827
Gawr_Gura,2022-03-27 00:00:58,716.0450341780239,7372,88,51883
Gawr_Gura,2022-03-27 00:00:58,716.0450341780239,7365,88,51819
Gawr_Gura,2022-03-31 00:10:45,2286.956066751062,9688,241,81843
Gawr_Gura,2022-03-31 00:10:45,2286.956066751062,9691,241,81910
Gawr_Gura,2022-03-31 00:10:45,2286.956066751062,9694,241,81960
Gawr_Gura,2022-04-01 23:01:45,833.2409171382122,11001,82,65393
Gawr_Gura,2022-04-01 23:01:45,833.2409171382122,10999,82,65313
Gawr_Gura,2022-04-01 23:01:45,833.2409171382122,11003,82,65408
Gawr_Gura,2022-04-06 00:02:15,1307.4697784832915,9937,91,60095
Gawr_Gura,2022-04-06 00:02:15,1307.4697784832915,9934,91,60027
Gawr_Gura,2022-04-06 00:02:15,1307.4697784832915,9935,91,60078
Gawr_Gura,2022-04-07 00:00:26,1392.317039112964,8318,193,67246
Gawr_Gura,2022-04-07 00:00:26,1392.317039112964,8323,193,67302
Gawr_Gura,2022-04-07 00:00:26,1392.317039112964,8320,193,67289
Gawr_Gura,2022-04-10 01:01:41,514.2587641376753,6793,33,42307
Gawr_Gura,2022-04-10 01:01:41,514.2587641376753,6793,33,42307
Gawr_Gura,2022-04-10 01:01:41,514.2587641376753,6791,33,42227
Gawr_Gura,2022-04-12 00:03:58,1549.7332891547076,8723,165,61708
Gawr_Gura,2022-04-12 00:03:58,1549.7332891547076,8726,165,61793
Gawr_Gura,2022-04-12 00:03:58,1549.7332891547076,8729,165,61808
Gawr_Gura,2022-04-15 01:02:31,354.2432603713028,6592,42,45801
Gawr_Gura,2022-04-15 01:02:31,354.2432603713028,6591,42,45800
Gawr_Gura,2022-04-15 01:02:31,354.2432603713028,6587,42,45732
Gawr_Gura,2022-04-19 01:01:07,158.969020366869,6878,25,43488
Gawr_Gura,2022-04-19 01:01:07,158.969020366869,6877,25,43450
Gawr_Gura,2022-04-19 01:01:07,158.969020366869,6878,25,43488
Gawr_Gura,2022-04-20 00:02:35,2228.2480597117733,9042,207,63807
Gawr_Gura,2022-04-20 00:02:35,2228.2480597117733,9047,207,63835
Gawr_Gura,2022-04-20 00:02:35,2228.2480597117733,9045,207,63814
Gawr_Gura,2022-04-21 00:20:20,706.6254534443274,5457,50,44608
Gawr_Gura,2022-04-21 00:20:20,706.6254534443274,5462,50,44703
Gawr_Gura,2022-04-21 00:20:20,706.6254534443274,5460,50,44682
Gawr_Gura,2022-04-22 00:05:08,738.5383411586328,9021,84,62545
Gawr_Gura,2022-04-22 00:05:08,738.5383411586328,9025,84,62558
Gawr_Gura,2022-04-22 00:05:08,738.5383411586328,9026,84,62575
Gawr_Gura,2022-04-24 03:15:19,270.97672608332783,4489,35,23751
Gawr_Gura,2022-04-24 03:15:19,270.97672608332783,4489,35,23787
Gawr_Gura,2022-04-24 03:15:19,270.97672608332783,4490,35,23787
Gawr_Gura,2022-05-07 01:09:40,1916.7711196176244,9241,130,60906
Gawr_Gura,2022-05-07 01:09:40,1916.7711196176244,9239,130,60877
Gawr_Gura,2022-05-07 01:09:40,1916.7711196176244,9239,130,60727
Gawr_Gura,2022-05-08 00:02:07,513.0855926417744,5187,42,30248
Gawr_Gura,2022-05-08 00:02:07,513.0855926417744,5185,42,30242
Gawr_Gura,2022-05-08 00:02:07,513.0855926417744,5189,42,30262
Gawr_Gura,2022-05-10 00:04:38,1190.3522260708094,7622,123,72514
Gawr_Gura,2022-05-10 00:04:38,1190.3522260708094,7619,123,72512
Gawr_Gura,2022-05-10 00:04:38,1190.3522260708094,7623,123,72562
Gawr_Gura,2022-05-11 00:03:02,1030.0438665440286,9302,87,72375
Gawr_Gura,2022-05-11 00:03:02,1030.0438665440286,9300,87,72270
Gawr_Gura,2022-05-11 00:03:02,1030.0438665440286,9303,87,72388
Gawr_Gura,2022-05-13 01:41:38,261.4770359604174,4929,34,30756
Gawr_Gura,2022-05-13 01:41:38,261.4770359604174,4933,34,30803
Gawr_Gura,2022-05-13 01:41:38,261.4770359604174,4931,34,30795
Gawr_Gura,2022-05-16 00:34:31,2983.225760627952,8421,193,59034
Gawr_Gura,2022-05-16 00:34:31,2983.225760627952,8423,193,59129
Gawr_Gura,2022-05-16 00:34:31,2983.225760627952,8424,193,59130
Gawr_Gura,2022-05-18 00:02:30,1311.7445701573506,7199,127,49801
Gawr_Gura,2022-05-18 00:02:30,1311.7445701573506,7196,127,49727
Gawr_Gura,2022-05-18 00:02:30,1311.7445701573506,7199,127,49801
Gawr_Gura,2022-05-19 00:01:18,1769.0388954282885,9819,157,96213
Gawr_Gura,2022-05-19 00:01:18,1769.0388954282885,9821,157,96220
Gawr_Gura,2022-05-19 00:01:18,1769.0388954282885,9822,157,96026
Gawr_Gura,2022-05-20 00:01:25,1328.9217207059532,7944,145,60094
Gawr_Gura,2022-05-20 00:01:25,1328.9217207059532,7945,145,60128
Gawr_Gura,2022-05-20 00:01:25,1328.9217207059532,7945,145,60128
Gawr_Gura,2022-05-27 00:01:38,2587.334724612454,5159,94,29935
Gawr_Gura,2022-05-27 00:01:38,2587.334724612454,5159,94,29935
Gawr_Gura,2022-05-27 00:01:38,2587.334724612454,5158,94,29899
Gawr_Gura,2022-05-29 00:06:32,1772.9903376700436,15716,204,108597
Gawr_Gura,2022-05-29 00:06:32,1772.9903376700436,15720,204,108746
Gawr_Gura,2022-05-29 00:06:32,1772.9903376700436,15719,204,108745
Gawr_Gura,2022-06-01 00:01:57,1529.5993416929718,9855,156,86244
Gawr_Gura,2022-06-01 00:01:57,1529.5993416929718,9855,156,86352
Gawr_Gura,2022-06-01 00:01:57,1529.5993416929718,9856,156,86353
Gawr_Gura,2022-06-02 00:11:12,1843.6769659832537,8585,158,86282
Gawr_Gura,2022-06-02 00:11:12,1848.6769659832537,8586,159,86300
Gawr_Gura,2022-06-02 00:11:12,1843.6769659832537,8580,158,86214
Gawr_Gura,2022-06-04 01:09:14,436.88531659493214,8279,66,62028
Gawr_Gura,2022-06-04 01:09:14,436.88531659493214,8282,66,62105
Gawr_Gura,2022-06-04 01:09:14,436.88531659493214,8281,66,62104
Gawr_Gura,2022-06-08 00:10:10,1806.70138418459,10492,189,76901
Gawr_Gura,2022-06-08 00:10:10,1806.70138418459,10496,189,76930
Gawr_Gura,2022-06-08 00:10:10,1806.70138418459,10495,189,76925
Gawr_Gura,2022-06-10 00:02:42,1357.247680907897,11576,192,83866
Gawr_Gura,2022-06-10 00:02:42,1357.247680907897,11583,192,83955
Gawr_Gura,2022-06-10 00:02:42,1357.247680907897,11580,192,83953
Gawr_Gura,2022-06-11 13:01:36,475.3106632995477,6101,51,36957
Gawr_Gura,2022-06-11 13:01:36,475.3106632995477,6096,51,36950
Gawr_Gura,2022-06-11 13:01:36,475.3106632995477,6101,51,36957
Gawr_Gura,2022-06-13 00:00:09,0.0,2033,0,4708
Gawr_Gura,2022-06-13 00:00:09,0.0,2035,0,4708
Gawr_Gura,2022-06-13 00:00:09,0.0,2033,0,4708
Gawr_Gura,2022-06-15 00:02:52,1599.538471090939,11634,180,92780
Gawr_Gura,2022-06-15 00:02:52,1599.538471090939,11633,180,92778
Gawr_Gura,2022-06-15 00:02:52,1599.538471090939,11629,180,92720
Gawr_Gura,2022-06-16 00:12:39,1806.9002261460712,10725,176,76853
Gawr_Gura,2022-06-16 00:12:39,1806.9002261460712,10724,176,76957
Gawr_Gura,2022-06-16 00:12:39,1806.9002261460712,10725,176,76957
Gawr_Gura,2022-06-20 00:01:24,7198.540895603964,17900,450,123849
Gawr_Gura,2022-06-20 00:01:24,7198.540895603964,17900,450,123949
Gawr_Gura,2022-06-20 00:01:24,7198.540895603964,17900,450,123953
Gawr_Gura,2022-06-21 01:03:49,8937.776204300604,11665,610,45172
Gawr_Gura,2022-06-21 01:03:49,8937.776204300604,11664,610,45132
Gawr_Gura,2022-06-21 01:03:49,8937.776204300604,11665,610,45170
Gawr_Gura,2022-07-05 00:04:06,1597.9931421237638,8911,127,67981
Gawr_Gura,2022-07-05 00:04:06,1597.9931421237638,8909,127,67941
Gawr_Gura,2022-07-05 00:04:06,1597.9931421237638,8910,127,67981
Gawr_Gura,2022-07-06 00:03:19,618.0816210431288,12558,84,94896
Gawr_Gura,2022-07-06 00:03:19,618.0816210431288,12562,84,95029
Gawr_Gura,2022-07-06 00:03:19,618.0816210431288,12561,84,95028
Gawr_Gura,2022-07-08 00:03:51,1824.9469229648132,8068,207,58284
Gawr_Gura,2022-07-08 00:03:51,1824.9469229648132,8070,207,58326
Gawr_Gura,2022-07-08 00:03:51,1824.9469229648132,8069,207,58323
Gawr_Gura,2022-07-10 00:01:22,0.0,9349,0,72427
Gawr_Gura,2022-07-10 00:01:22,0.0,9349,0,72427
Gawr_Gura,2022-07-10 00:01:22,0.0,9346,0,72291
Gawr_Gura,2022-07-14 00:02:25,1203.8511906968297,7950,142,60643
Gawr_Gura,2022-07-14 00:02:25,1203.8511906968297,7957,142,60738
Gawr_Gura,2022-07-14 00:02:25,1203.8511906968297,7957,142,60738
Gawr_Gura,2022-07-23 03:04:31,1293.1468483538915,10914,127,66836
Gawr_Gura,2022-07-23 03:04:31,1293.1468483538915,10912,127,66704
Gawr_Gura,2022-07-23 03:04:31,1293.1468483538915,10914,127,66836
Gawr_Gura,2022-07-25 00:16:17,749.1823923036851,10363,93,87463
Gawr_Gura,2022-07-25 00:16:17,749.1823923036851,10363,93,87463
Gawr_Gura,2022-07-25 00:16:17,749.1823923036851,10361,93,87453
Gawr_Gura,2022-07-27 00:11:04,337.6240462097827,9237,41,61801
Gawr_Gura,2022-07-27 00:11:04,337.6240462097827,9240,41,61876
Gawr_Gura,2022-07-27 00:11:04,337.6240462097827,9241,41,61875
Gawr_Gura,2022-07-31 02:05:12,471.8787154314744,10254,48,81654
Gawr_Gura,2022-07-31 02:05:12,471.8787154314744,10253,48,81656
Gawr_Gura,2022-07-31 02:05:12,471.8787154314744,10256,48,81654
Gawr_Gura,2022-08-07 00:02:05,196.8507253735612,3946,30,28779
Gawr_Gura,2022-08-07 00:02:05,196.8507253735612,3948,30,28783
Gawr_Gura,2022-08-07 00:02:05,196.8507253735612,3947,30,28781
Gawr_Gura,2022-08-08 00:03:50,1179.1217538583485,6095,86,36684
Gawr_Gura,2022-08-08 00:03:50,1179.1217538583485,6097,86,36686
Gawr_Gura,2022-08-08 00:03:50,1179.1217538583485,6097,86,36686
Gawr_Gura,2022-08-11 00:05:29,1419.495129486907,10026,127,88770
Gawr_Gura,2022-08-11 00:05:29,1419.495129486907,10030,127,88853
Gawr_Gura,2022-08-11 00:05:29,1419.495129486907,10033,127,88855
Gawr_Gura,2022-08-12 00:59:52,725.8950882306401,10056,79,74631
Gawr_Gura,2022-08-12 00:59:52,725.8950882306401,10049,79,74617
Gawr_Gura,2022-08-12 00:59:52,725.8950882306401,10054,79,74630
Gawr_Gura,2022-08-17 00:02:03,594.5959659091139,10357,94,80295
Gawr_Gura,2022-08-17 00:02:03,594.5959659091139,10359,94,80278
Gawr_Gura,2022-08-17 00:02:03,594.5959659091139,10354,94,80295
Gawr_Gura,2022-08-22 01:05:46,518.9192116831838,9212,68,74596
Gawr_Gura,2022-08-22 01:05:46,518.9192116831838,9210,68,74590
Gawr_Gura,2022-08-22 01:05:46,518.9192116831838,9214,68,74597
Gawr_Gura,2022-08-28 00:05:37,641.1989337531387,8878,94,73334
Gawr_Gura,2022-08-28 00:05:37,641.1989337531387,8877,94,73331
Gawr_Gura,2022-08-28 00:05:37,641.1989337531387,8872,94,73309
Gawr_Gura,2022-08-29 10:36:19,420.46896420025575,8343,63,66648
Gawr_Gura,2022-08-29 10:36:19,420.46896420025575,8340,63,66644
Gawr_Gura,2022-08-29 10:36:19,420.46896420025575,8342,63,66648
Gawr_Gura,2022-09-01 10:32:47,319.9630663121301,8940,48,67618
Gawr_Gura,2022-09-01 10:32:47,319.9630663121301,8938,48,67617
Gawr_Gura,2022-09-01 10:32:47,319.9630663121301,8938,48,67618
Gawr_Gura,2022-09-10 00:09:48,3603.8447727261846,8845,170,58725
Gawr_Gura,2022-09-10 00:09:48,3603.8447727261846,8845,170,58725
Gawr_Gura,2022-09-10 00:09:48,3603.8447727261846,8838,170,58709
Gawr_Gura,2022-09-11 00:09:02,619.7276050470712,11681,65,88182
Gawr_Gura,2022-09-11 00:09:02,619.7276050470712,11686,65,88258
Gawr_Gura,2022-09-11 00:09:02,619.7276050470712,11686,65,88220
Gawr_Gura,2022-09-14 00:01:34,9825.305262931128,12814,469,89256
Gawr_Gura,2022-09-14 00:01:34,9825.305262931128,12810,469,89244
Gawr_Gura,2022-09-14 00:01:34,9825.305262931128,12815,469,89256
Gawr_Gura,2022-09-18 01:02:00,6515.824461423678,11671,427,38311
Gawr_Gura,2022-09-18 01:02:00,6515.824461423678,11671,427,38311
Gawr_Gura,2022-09-18 01:02:00,6515.824461423678,11672,427,38308
Gawr_Gura,2022-09-18 02:00:11,299.3084535608447,1898,15,3044
Gawr_Gura,2022-09-18 02:00:11,299.3084535608447,1898,15,3044
Gawr_Gura,2022-09-18 02:00:11,299.3084535608447,1897,15,3040
Gawr_Gura,2022-09-20 00:00:20,3870.5659707574623,7521,216,62442
Gawr_Gura,2022-09-20 00:00:20,3870.5659707574623,7521,216,62442
Gawr_Gura,2022-09-20 00:00:20,3820.5659707574623,7518,215,62319
Gawr_Gura,2022-09-25 17:15:30,259.5636362345428,5986,22,45518
Gawr_Gura,2022-09-25 17:15:30,259.5636362345428,5983,22,45506
Gawr_Gura,2022-09-25 17:15:30,259.5636362345428,5986,22,45518
Gawr_Gura,2022-10-05 23:01:22,3129.3027930202934,9580,226,79977
Gawr_Gura,2022-10-05 23:01:22,3129.3027930202934,9584,226,80435
Gawr_Gura,2022-10-05 23:01:22,3129.3027930202934,9585,226,80440
Gawr_Gura,2022-10-06 23:00:17,981.2993711429472,6987,106,50312
Gawr_Gura,2022-10-06 23:00:17,981.2993711429472,6989,106,50426
Gawr_Gura,2022-10-06 23:00:17,981.2993711429472,6989,106,50426
Gawr_Gura,2022-10-11 00:02:59,3452.2587956832435,8221,170,81165
Gawr_Gura,2022-10-11 00:02:59,3447.2587956832435,8217,169,80554
Gawr_Gura,2022-10-11 00:02:59,3452.2587956832435,8219,170,81162
Gawr_Gura,2022-10-13 00:03:41,571.7193162251358,5246,58,32763
Gawr_Gura,2022-10-13 00:03:41,571.7193162251358,5250,58,33396
Gawr_Gura,2022-10-13 00:03:41,571.7193162251358,5249,58,33395
Gawr_Gura,2022-10-15 00:01:58,3321.6751041499992,13415,320,104229
Gawr_Gura,2022-10-15 00:01:58,3321.6751041499992,13422,320,104898
Gawr_Gura,2022-10-15 00:01:58,3321.6751041499992,13426,320,104901
Gawr_Gura,2022-10-18 00:04:02,1633.2045082958737,11081,218,101579
Gawr_Gura,2022-10-18 00:04:02,1629.551972854216,11077,217,100820
Gawr_Gura,2022-10-18 00:04:02,1633.2045082958737,11084,218,101582
Gawr_Gura,2022-10-20 00:01:57,538.7576358597556,7051,90,69516
Gawr_Gura,2022-10-20 00:01:57,538.7576358597556,7052,90,69516
Gawr_Gura,2022-10-20 00:01:57,538.7576358597556,7050,90,68970
Gawr_Gura,2022-10-20 21:25:04,0.0,4984,0,35072
Gawr_Gura,2022-10-20 21:25:04,0.0,4981,0,34936
Gawr_Gura,2022-10-20 21:25:04,0.0,4984,0,35072
Gawr_Gura,2022-10-22 00:04:27,1463.7863986432978,9158,183,112321
Gawr_Gura,2022-10-22 00:04:27,1463.7863986432978,9152,183,111236
Gawr_Gura,2022-10-22 00:04:27,1463.7863986432978,9160,183,112327
Gawr_Gura,2022-10-27 00:01:39,1199.569948750879,9181,146,83627
Gawr_Gura,2022-10-27 00:01:39,1199.569948750879,9187,146,84599
Gawr_Gura,2022-10-27 00:01:39,1199.569948750879,9187,146,84610
Gawr_Gura,2022-10-28 00:03:14,869.0814671994393,6821,143,68622
Gawr_Gura,2022-10-28 00:03:14,869.0814671994393,6825,143,69050
Gawr_Gura,2022-10-28 00:03:14,869.0814671994393,6824,143,69048
Gawr_Gura,2022-10-29 00:11:23,623.3562609272582,7813,74,75598
Gawr_Gura,2022-10-29 00:11:23,623.3562609272582,7819,74,76508
Gawr_Gura,2022-10-29 00:11:23,623.3562609272582,7819,74,76508
Gawr_Gura,2022-10-31 00:01:23,1439.349092691671,9206,170,61209
Gawr_Gura,2022-10-31 00:01:23,1439.349092691671,9204,170,61208
Gawr_Gura,2022-10-31 00:01:23,1439.349092691671,9200,170,60783
Gawr_Gura,2022-11-01 00:04:00,1157.6273148575478,8264,151,100023
Gawr_Gura,2022-11-01 00:04:00,1157.6273148575478,8265,151,100058
Gawr_Gura,2022-11-01 00:04:00,1157.6273148575478,8258,151,98916
Gawr_Gura,2022-11-03 00:04:24,1307.644897366512,7707,152,92449
Gawr_Gura,2022-11-03 00:04:24,1307.644897366512,7709,152,93301
Gawr_Gura,2022-11-03 00:04:24,1307.644897366512,7709,152,93316
Gawr_Gura,2022-11-12 01:03:47,526.2216149374834,5188,82,41206
Gawr_Gura,2022-11-12 01:03:47,526.2216149374834,5188,82,41206
Gawr_Gura,2022-11-12 01:03:47,526.2216149374834,5186,82,40965
Gawr_Gura,2022-11-15 01:01:41,1546.322237444211,11055,154,107707
Gawr_Gura,2022-11-15 01:01:41,1546.322237444211,11054,154,107699
Gawr_Gura,2022-11-15 01:01:41,1546.322237444211,11047,154,106979
Gawr_Gura,2022-12-04 01:04:26,2332.7968754444514,9472,197,82479
Gawr_Gura,2022-12-04 01:04:26,2332.7968754444514,9467,197,82361
Gawr_Gura,2022-12-04 01:04:26,2332.7968754444514,9471,197,82479
Gawr_Gura,2022-12-05 01:01:16,1900.177184054343,6057,208,54312
Gawr_Gura,2022-12-05 01:01:16,1900.177184054343,6055,208,54308
Gawr_Gura,2022-12-05 01:01:16,1900.177184054343,6054,208,54249
Gawr_Gura,2022-12-08 01:00:05,1576.7721809924944,7373,147,78085
Gawr_Gura,2022-12-08 01:00:05,1576.7721809924944,7372,147,77826
Gawr_Gura,2022-12-08 01:00:05,1576.7721809924944,7373,147,78085
Gawr_Gura,2023-02-12 01:02:50,6741.448362433802,17768,440,101815
Gawr_Gura,2023-02-12 01:02:50,6741.448362433802,17767,440,101805
Gawr_Gura,2023-02-12 01:02:50,6741.448362433802,17764,440,101789
Gawr_Gura,2023-02-17 10:00:11,41.87357379496039,1151,6,2650
Gawr_Gura,2023-02-17 10:00:11,41.87357379496039,1151,6,2650
Gawr_Gura,2023-02-17 10:00:11,41.87357379496039,1152,6,2652
Gawr_Gura,2023-02-18 01:02:04,4068.338502778796,10483,299,58158
Gawr_Gura,2023-02-18 01:02:04,4068.338502778796,10488,299,58191
Gawr_Gura,2023-02-18 01:02:04,4068.338502778796,10487,299,58188
Gawr_Gura,2023-03-03 02:59:11,4662.246246961462,12216,284,50086
Gawr_Gura,2023-03-03 02:59:11,4662.246246961462,12219,284,50090
Gawr_Gura,2023-03-03 02:59:11,4662.246246961462,12212,284,50030
Gawr_Gura,2023-03-26 00:01:15,2446.8566743682222,12795,217,107723
Gawr_Gura,2023-03-26 00:01:15,2444.8185595917766,12784,216,107646
Gawr_Gura,2023-03-26 00:01:15,2446.8566743682222,12795,217,107726
Gawr_Gura,2023-03-28 00:01:23,1713.9645077111966,9868,157,69973
Gawr_Gura,2023-03-28 00:01:23,1713.9645077111966,9876,157,70023
Gawr_Gura,2023-03-28 00:01:23,1713.9645077111966,9874,157,70022
Gawr_Gura,2023-03-30 00:09:54,1144.7918097845454,9104,85,67954
Gawr_Gura,2023-03-30 00:09:54,1144.7918097845454,9099,85,67931
Gawr_Gura,2023-04-15 00:05:30,3185.298727779924,9209,155,75209
Gawr_Gura,2023-04-15 00:05:30,3185.298727779924,9208,155,75186
Gawr_Gura,2023-04-17 00:02:58,2853.890523088596,7805,246,66045
Gawr_Gura,2023-04-17 00:02:58,2853.890523088596,7802,246,66045
Gawr_Gura,2023-04-18 00:01:52,1683.6654902932175,9711,204,90386
Gawr_Gura,2023-04-18 00:01:52,1683.6654902932175,9715,204,90391
Gawr_Gura,2023-05-05 00:00:24,1614.849170035809,8793,172,103336
Gawr_Gura,2023-05-05 00:00:24,1614.849170035809,8788,172,103328
Gawr_Gura,2023-05-05 00:00:24,1614.849170035809,8793,172,103336
Gawr_Gura,2023-05-28 02:01:03,914.5509928075676,6161,63,44367
Gawr_Gura,2023-05-28 02:01:03,914.5509928075676,6161,63,44367
Gawr_Gura,2023-05-28 02:01:03,914.5509928075676,6161,63,44367
Gawr_Gura,2023-06-21 00:02:47,8292.371520290426,12135,417,52932
